buy,sell,total_ret,cagr,max_dd,sharpe
1.0,0.83,20518.8,39.56,-69.92,0.81
1.0,0.82,20518.8,39.56,-69.92,0.81
1.01,0.83,20324.08,39.48,-70.02,0.81
1.01,0.82,20324.08,39.48,-70.02,0.81
1.02,0.83,19865.1,39.28,-69.92,0.81
1.02,0.82,19865.1,39.28,-69.92,0.81
1.03,0.83,19430.53,39.09,-69.92,0.8
1.03,0.82,19430.53,39.09,-69.92,0.8
1.04,0.82,19430.53,39.09,-69.92,0.8
1.04,0.83,19430.53,39.09,-69.92,0.8
1.0,0.81,19329.77,39.04,-71.48,0.8
1.0,0.8,19174.38,38.97,-71.71,0.8
1.01,0.81,19146.28,38.96,-71.75,0.8
1.01,0.8,18992.36,38.89,-71.98,0.8
1.02,0.81,18713.77,38.76,-71.27,0.8
1.02,0.8,18563.31,38.69,-71.5,0.8
1.03,0.81,18304.26,38.57,-70.78,0.8
1.04,0.81,18304.26,38.57,-70.78,0.8
1.04,0.8,18157.07,38.5,-71.02,0.8
1.03,0.8,18157.07,38.5,-71.02,0.8
1.05,0.83,17518.47,38.2,-69.92,0.79
1.05,0.82,17518.47,38.2,-69.92,0.79
1.05,0.81,16502.46,37.68,-69.92,0.79
1.05,0.8,16369.69,37.61,-69.92,0.78
1.07,0.73,16044.34,37.44,-81.66,0.77
1.07,0.74,16044.34,37.44,-81.66,0.77
1.07,0.72,16044.34,37.44,-81.66,0.77
1.07,0.71,16044.34,37.44,-81.66,0.77
1.09,0.71,16044.34,37.44,-81.66,0.77
1.02,0.71,16044.34,37.44,-81.66,0.77
1.07,0.75,16044.34,37.44,-81.66,0.77
1.07,0.76,16044.34,37.44,-81.66,0.77
1.09,0.74,16044.34,37.44,-81.66,0.77
1.09,0.73,16044.34,37.44,-81.66,0.77
1.01,0.72,16044.34,37.44,-81.66,0.77
1.01,0.71,16044.34,37.44,-81.66,0.77
1.01,0.75,16044.34,37.44,-81.66,0.77
1.02,0.75,16044.34,37.44,-81.66,0.77
1.01,0.73,16044.34,37.44,-81.66,0.77
1.01,0.74,16044.34,37.44,-81.66,0.77
1.01,0.76,16044.34,37.44,-81.66,0.77
1.0,0.75,16044.34,37.44,-81.66,0.77
1.02,0.72,16044.34,37.44,-81.66,0.77
1.02,0.73,16044.34,37.44,-81.66,0.77
1.02,0.74,16044.34,37.44,-81.66,0.77
1.09,0.76,16044.34,37.44,-81.66,0.77
1.09,0.72,16044.34,37.44,-81.66,0.77
1.09,0.75,16044.34,37.44,-81.66,0.77
1.06,0.75,16044.34,37.44,-81.66,0.77
1.06,0.76,16044.34,37.44,-81.66,0.77
1.04,0.75,16044.34,37.44,-81.66,0.77
1.04,0.72,16044.34,37.44,-81.66,0.77
1.04,0.73,16044.34,37.44,-81.66,0.77
1.04,0.74,16044.34,37.44,-81.66,0.77
1.05,0.76,16044.34,37.44,-81.66,0.77
1.05,0.75,16044.34,37.44,-81.66,0.77
1.05,0.74,16044.34,37.44,-81.66,0.77
1.05,0.73,16044.34,37.44,-81.66,0.77
1.05,0.72,16044.34,37.44,-81.66,0.77
1.05,0.71,16044.34,37.44,-81.66,0.77
1.08,0.75,16044.34,37.44,-81.66,0.77
1.06,0.72,16044.34,37.44,-81.66,0.77
1.06,0.73,16044.34,37.44,-81.66,0.77
1.06,0.74,16044.34,37.44,-81.66,0.77
1.04,0.71,16044.34,37.44,-81.66,0.77
1.06,0.71,16044.34,37.44,-81.66,0.77
1.03,0.71,16044.34,37.44,-81.66,0.77
1.03,0.72,16044.34,37.44,-81.66,0.77
1.03,0.74,16044.34,37.44,-81.66,0.77
1.02,0.76,16044.34,37.44,-81.66,0.77
1.04,0.76,16044.34,37.44,-81.66,0.77
1.03,0.75,16044.34,37.44,-81.66,0.77
1.03,0.76,16044.34,37.44,-81.66,0.77
1.03,0.73,16044.34,37.44,-81.66,0.77
1.0,0.71,16044.34,37.44,-81.66,0.77
1.08,0.74,16044.34,37.44,-81.66,0.77
1.08,0.73,16044.34,37.44,-81.66,0.77
1.08,0.76,16044.34,37.44,-81.66,0.77
1.0,0.74,16044.34,37.44,-81.66,0.77
1.0,0.73,16044.34,37.44,-81.66,0.77
1.08,0.72,16044.34,37.44,-81.66,0.77
1.08,0.71,16044.34,37.44,-81.66,0.77
1.0,0.72,16044.34,37.44,-81.66,0.77
1.0,0.76,16044.34,37.44,-81.66,0.77
1.0,0.79,15492.46,37.14,-77.11,0.77
1.0,0.78,15492.46,37.14,-77.11,0.77
1.01,0.79,15345.21,37.06,-77.33,0.77
1.01,0.78,15345.21,37.06,-77.33,0.77
1.02,0.78,14998.12,36.87,-76.95,0.77
1.02,0.79,14998.12,36.87,-76.95,0.77
1.06,0.83,14810.68,36.76,-69.92,0.77
1.06,0.82,14810.68,36.76,-69.92,0.77
1.04,0.79,14669.48,36.68,-76.55,0.77
1.04,0.78,14669.48,36.68,-76.55,0.77
1.03,0.78,14669.48,36.68,-76.55,0.77
1.03,0.79,14669.48,36.68,-76.55,0.77
1.0,0.77,14668.25,36.68,-78.32,0.77
1.1,0.76,14557.28,36.61,-81.66,0.76
1.1,0.72,14557.28,36.61,-81.66,0.76
1.1,0.75,14557.28,36.61,-81.66,0.76
1.1,0.74,14557.28,36.61,-81.66,0.76
1.1,0.73,14557.28,36.61,-81.66,0.76
1.1,0.71,14557.28,36.61,-81.66,0.76
1.01,0.77,14528.78,36.6,-78.53,0.77
1.02,0.77,14200.04,36.4,-78.17,0.77
1.06,0.81,13950.82,36.25,-69.92,0.77
1.04,0.77,13888.77,36.22,-77.79,0.76
1.03,0.77,13888.77,36.22,-77.79,0.76
1.06,0.8,13838.45,36.18,-69.92,0.77
1.11,0.72,13799.56,36.16,-81.66,0.75
1.11,0.75,13799.56,36.16,-81.66,0.75
1.11,0.71,13799.56,36.16,-81.66,0.75
1.11,0.73,13799.56,36.16,-81.66,0.75
1.11,0.74,13799.56,36.16,-81.66,0.75
1.11,0.76,13799.56,36.16,-81.66,0.75
1.09,0.82,13224.87,35.8,-70.73,0.76
1.09,0.83,13224.87,35.8,-70.73,0.76
1.07,0.82,13224.87,35.8,-70.73,0.76
1.07,0.83,13224.87,35.8,-70.73,0.76
1.08,0.83,13224.87,35.8,-70.73,0.76
1.08,0.82,13224.87,35.8,-70.73,0.76
1.05,0.79,13223.53,35.8,-74.92,0.76
1.05,0.78,13223.53,35.8,-74.92,0.76
1.12,0.75,13094.31,35.72,-81.66,0.75
1.12,0.74,13094.31,35.72,-81.66,0.75
1.12,0.73,13094.31,35.72,-81.66,0.75
1.13,0.73,13094.31,35.72,-81.66,0.75
1.13,0.76,13094.31,35.72,-81.66,0.75
1.12,0.71,13094.31,35.72,-81.66,0.75
1.12,0.76,13094.31,35.72,-81.66,0.75
1.13,0.72,13094.31,35.72,-81.66,0.75
1.12,0.72,13094.31,35.72,-81.66,0.75
1.13,0.75,13094.31,35.72,-81.66,0.75
1.13,0.74,13094.31,35.72,-81.66,0.75
1.13,0.71,13094.31,35.72,-81.66,0.75
1.05,0.77,12519.26,35.34,-76.24,0.75
1.09,0.81,12456.46,35.3,-72.42,0.75
1.08,0.81,12456.46,35.3,-72.42,0.75
1.07,0.81,12456.46,35.3,-72.42,0.75
1.07,0.8,12356.05,35.23,-72.64,0.75
1.08,0.8,12356.05,35.23,-72.64,0.75
1.09,0.8,12356.05,35.23,-72.64,0.75
1.1,0.82,11997.51,34.98,-70.73,0.75
1.1,0.83,11997.51,34.98,-70.73,0.75
1.11,0.83,11372.13,34.54,-70.73,0.75
1.11,0.82,11372.13,34.54,-70.73,0.75
1.1,0.81,11299.89,34.48,-72.42,0.74
1.1,0.8,11208.72,34.42,-72.64,0.74
1.06,0.78,11175.83,34.39,-75.23,0.74
1.06,0.79,11175.83,34.39,-75.23,0.74
1.12,0.83,10790.04,34.1,-70.73,0.74
1.12,0.82,10790.04,34.1,-70.73,0.74
1.13,0.82,10790.04,34.1,-70.73,0.74
1.13,0.83,10790.04,34.1,-70.73,0.74
1.0,0.84,10762.52,34.08,-74.14,0.74
1.11,0.81,10710.56,34.04,-72.42,0.74
1.01,0.84,10659.94,34.0,-74.14,0.74
1.11,0.8,10624.11,33.97,-72.64,0.74
1.06,0.77,10579.8,33.93,-76.54,0.73
1.02,0.84,10418.14,33.81,-74.14,0.74
1.13,0.81,10162.04,33.6,-72.42,0.73
1.12,0.81,10162.04,33.6,-72.42,0.73
1.12,0.8,10079.98,33.53,-72.64,0.73
1.13,0.8,10079.98,33.53,-72.64,0.73
1.03,0.84,10001.33,33.47,-74.62,0.73
1.08,0.78,9976.61,33.45,-77.87,0.73
1.07,0.79,9976.61,33.45,-77.87,0.73
1.07,0.78,9976.61,33.45,-77.87,0.73
1.09,0.78,9976.61,33.45,-77.87,0.73
1.09,0.79,9976.61,33.45,-77.87,0.73
1.08,0.79,9976.61,33.45,-77.87,0.73
1.04,0.84,9482.47,33.03,-75.92,0.73
1.09,0.77,9443.96,33.0,-79.04,0.72
1.07,0.77,9443.96,33.0,-79.04,0.72
1.08,0.77,9443.96,33.0,-79.04,0.72
1.1,0.78,9048.45,32.64,-77.87,0.72
1.1,0.79,9048.45,32.64,-77.87,0.72
1.11,0.78,8575.51,32.2,-77.87,0.71
1.11,0.79,8575.51,32.2,-77.87,0.71
1.1,0.77,8564.87,32.19,-79.04,0.71
1.05,0.84,8544.34,32.18,-75.92,0.71
1.13,0.79,8135.33,31.77,-77.87,0.71
1.12,0.79,8135.33,31.77,-77.87,0.71
1.12,0.78,8135.33,31.77,-77.87,0.71
1.13,0.78,8135.33,31.77,-77.87,0.71
1.11,0.77,8116.93,31.76,-79.04,0.71
1.13,0.77,7700.01,31.33,-79.04,0.7
1.12,0.77,7700.01,31.33,-79.04,0.7
1.14,0.76,7443.17,31.05,-81.66,0.7
1.14,0.72,7443.17,31.05,-81.66,0.7
1.14,0.71,7443.17,31.05,-81.66,0.7
1.14,0.75,7443.17,31.05,-81.66,0.7
1.14,0.74,7443.17,31.05,-81.66,0.7
1.14,0.73,7443.17,31.05,-81.66,0.7
1.06,0.84,7108.0,30.68,-76.27,0.69
1.0,0.85,5915.74,29.21,-74.14,0.68
1.01,0.85,5858.93,29.13,-74.14,0.68
1.02,0.85,5725.02,28.95,-74.14,0.67
1.14,0.82,5706.91,28.93,-72.7,0.68
1.14,0.83,5706.91,28.93,-72.7,0.68
1.07,0.84,5690.6,28.9,-78.67,0.67
1.0,0.89,5525.79,28.67,-69.65,0.68
1.03,0.85,5494.19,28.63,-74.62,0.67
1.01,0.89,5472.66,28.59,-69.65,0.68
1.04,1.0,5470.54,28.59,-50.09,0.74
1.02,1.0,5399.74,28.49,-51.75,0.73
1.04,0.98,5372.4,28.45,-50.09,0.73
1.14,0.81,5372.04,28.45,-74.27,0.67
1.02,0.89,5347.43,28.41,-69.65,0.67
1.14,0.8,5328.28,28.38,-74.48,0.67
1.04,0.85,5206.84,28.2,-75.92,0.66
1.04,0.99,5193.12,28.18,-50.09,0.72
1.02,0.98,5101.76,28.04,-50.1,0.71
1.01,1.0,5004.82,27.89,-53.23,0.72
1.03,1.0,4938.68,27.79,-50.09,0.72
1.02,0.99,4924.72,27.76,-53.43,0.71
1.03,0.89,4906.98,27.74,-69.64,0.66
1.0,0.92,4883.57,27.7,-63.53,0.67
1.05,1.0,4833.16,27.62,-50.09,0.72
1.01,0.92,4808.73,27.58,-63.53,0.67
1.0,0.97,4797.13,27.56,-63.53,0.69
1.15,0.75,4781.6,27.53,-81.66,0.65
1.15,0.72,4781.6,27.53,-81.66,0.65
1.15,0.73,4781.6,27.53,-81.66,0.65
1.15,0.71,4781.6,27.53,-81.66,0.65
1.15,0.76,4781.6,27.53,-81.66,0.65
1.15,0.74,4781.6,27.53,-81.66,0.65
1.01,0.98,4750.55,27.48,-52.92,0.7
1.01,0.99,4747.45,27.48,-55.32,0.7
1.0,0.94,4741.2,27.47,-63.53,0.68
1.02,0.97,4722.09,27.44,-63.53,0.69
1.08,0.84,4721.18,27.43,-82.24,0.65
1.0,0.98,4680.15,27.37,-53.41,0.7
1.01,0.94,4668.49,27.35,-63.53,0.68
1.04,0.89,4649.79,27.32,-70.94,0.66
1.0,0.88,4642.01,27.3,-71.82,0.66
1.0,0.87,4642.01,27.3,-71.82,0.66
1.03,0.98,4635.81,27.29,-50.09,0.7
1.01,0.87,4597.23,27.23,-71.82,0.65
1.01,0.88,4597.23,27.23,-71.82,0.65
1.0,0.99,4585.21,27.21,-56.88,0.69
1.02,0.87,4491.67,27.05,-71.82,0.65
1.02,0.88,4491.67,27.05,-71.82,0.65
1.09,0.84,4434.75,26.95,-83.3,0.64
1.03,0.99,4369.16,26.83,-51.07,0.69
1.05,0.85,4352.72,26.8,-75.92,0.64
1.0,0.93,4337.34,26.77,-63.53,0.66
1.14,0.78,4291.33,26.69,-79.35,0.64
1.14,0.79,4291.33,26.69,-79.35,0.64
1.01,0.93,4270.71,26.65,-63.53,0.66
1.0,0.86,4245.85,26.61,-71.82,0.64
1.01,0.86,4204.81,26.53,-71.82,0.64
1.01,0.97,4199.86,26.53,-63.53,0.67
1.04,0.97,4156.05,26.44,-63.52,0.68
1.03,0.87,4120.41,26.38,-72.33,0.64
1.03,0.88,4120.41,26.38,-72.33,0.64
1.02,0.86,4108.07,26.35,-71.82,0.64
1.03,0.97,4060.47,26.27,-63.52,0.67
1.14,0.77,4059.21,26.26,-80.45,0.64
1.05,0.99,3925.26,26.0,-50.09,0.69
1.1,0.84,3911.77,25.98,-79.69,0.63
1.04,0.87,3903.63,25.96,-73.75,0.64
1.04,0.88,3903.63,25.96,-73.75,0.64
1.05,0.98,3890.74,25.94,-50.09,0.68
1.05,0.89,3885.32,25.93,-70.94,0.64
1.03,0.86,3767.83,25.69,-72.33,0.63
1.0,0.91,3739.77,25.63,-63.53,0.64
1.02,0.92,3682.12,25.51,-63.53,0.64
1.01,0.91,3682.11,25.51,-63.53,0.64
1.15,0.82,3657.97,25.46,-72.7,0.63
1.15,0.83,3657.97,25.46,-72.7,0.63
1.11,0.84,3629.65,25.4,-79.69,0.62
1.04,0.86,3569.16,25.28,-73.75,0.62
1.02,0.94,3530.91,25.19,-63.53,0.64
1.15,0.81,3441.26,25.0,-74.27,0.63
1.12,0.84,3440.41,25.0,-79.69,0.62
1.15,0.8,3412.94,24.94,-74.48,0.62
1.0,0.9,3331.22,24.75,-63.53,0.62
1.13,0.84,3323.41,24.73,-70.73,0.62
1.06,0.85,3292.56,24.66,-76.27,0.61
1.01,0.9,3279.69,24.63,-63.53,0.62
1.05,0.88,3259.25,24.59,-73.75,0.62
1.05,0.87,3259.25,24.59,-73.75,0.62
1.02,0.93,3228.02,24.51,-63.53,0.63
1.04,0.95,3107.2,24.23,-63.52,0.63
1.05,0.97,3078.55,24.16,-63.52,0.64
1.0,0.95,3069.48,24.13,-63.53,0.62
1.06,1.0,3068.18,24.13,-49.34,0.66
1.05,0.86,2978.61,23.91,-73.75,0.6
1.03,0.92,2844.12,23.56,-63.52,0.61
1.04,0.94,2833.16,23.53,-63.52,0.62
1.02,0.91,2814.07,23.48,-63.53,0.6
1.15,0.78,2741.87,23.29,-79.35,0.6
1.15,0.79,2741.87,23.29,-79.35,0.6
1.03,0.94,2708.47,23.2,-63.52,0.61
1.01,0.95,2703.96,23.19,-64.26,0.61
1.02,0.96,2690.49,23.15,-63.53,0.61
1.0,0.96,2657.89,23.06,-63.53,0.61
1.04,0.93,2650.94,23.04,-63.52,0.61
1.07,0.85,2625.44,22.97,-78.67,0.59
1.03,0.95,2607.11,22.92,-63.52,0.6
1.06,0.89,2600.18,22.9,-70.94,0.59
1.02,0.95,2593.22,22.88,-63.53,0.6
1.15,0.77,2591.65,22.87,-80.45,0.59
1.02,0.9,2504.01,22.62,-63.53,0.59
1.04,0.96,2485.81,22.56,-63.52,0.6
1.03,0.93,2474.19,22.53,-63.52,0.59
1.04,0.92,2431.95,22.4,-63.52,0.59
1.05,0.95,2422.9,22.38,-63.52,0.6
1.03,0.96,2363.75,22.19,-63.52,0.59
1.01,0.96,2321.53,22.06,-64.26,0.59
1.06,0.99,2251.19,21.84,-49.34,0.61
1.05,0.94,2207.33,21.69,-63.52,0.58
1.06,0.88,2176.0,21.59,-73.75,0.57
1.06,0.87,2176.0,21.59,-73.75,0.57
1.08,0.85,2169.16,21.57,-82.24,0.56
1.03,0.91,2168.4,21.56,-63.52,0.57
1.06,0.98,2139.57,21.47,-49.34,0.6
1.05,0.93,2076.49,21.25,-63.52,0.57
1.16,0.76,2073.1,21.24,-81.66,0.56
1.16,0.72,2073.1,21.24,-81.66,0.56
1.16,0.75,2073.1,21.24,-81.66,0.56
1.16,0.73,2073.1,21.24,-81.66,0.56
1.16,0.74,2073.1,21.24,-81.66,0.56
1.16,0.71,2073.1,21.24,-81.66,0.56
1.07,1.0,2054.96,21.17,-48.6,0.6
1.06,0.86,1985.86,20.93,-73.75,0.56
1.03,0.9,1927.04,20.71,-63.52,0.56
1.07,0.89,1918.14,20.68,-73.49,0.55
1.09,0.85,1904.65,20.63,-83.3,0.55
1.04,0.91,1850.83,20.42,-63.62,0.55
1.05,0.96,1839.46,20.38,-63.52,0.56
1.05,0.92,1777.08,20.13,-63.52,0.55
1.13,0.89,1737.45,19.97,-60.02,0.54
1.14,0.84,1692.67,19.79,-72.7,0.54
1.1,0.85,1673.46,19.71,-79.69,0.53
1.06,0.97,1665.04,19.67,-62.97,0.55
1.04,0.9,1643.26,19.58,-63.62,0.54
1.07,0.87,1601.1,19.4,-76.05,0.53
1.07,0.88,1601.1,19.4,-76.05,0.53
1.08,1.0,1589.18,19.34,-48.13,0.56
1.08,0.89,1580.27,19.3,-77.93,0.53
1.16,0.83,1572.9,19.27,-72.7,0.53
1.16,0.82,1572.9,19.27,-72.7,0.53
1.07,0.99,1499.25,18.93,-48.6,0.55
1.16,0.81,1476.43,18.83,-74.27,0.52
1.16,0.8,1463.82,18.77,-74.48,0.52
1.07,0.86,1458.99,18.75,-76.05,0.52
1.13,0.88,1448.8,18.7,-61.77,0.52
1.13,0.87,1448.8,18.7,-61.77,0.52
1.11,0.85,1433.1,18.62,-79.69,0.52
1.1,0.89,1423.36,18.57,-75.2,0.52
1.07,0.98,1423.33,18.57,-48.6,0.54
1.06,0.95,1359.4,18.26,-62.97,0.52
1.05,0.91,1346.26,18.19,-63.62,0.51
1.12,0.85,1323.21,18.07,-79.69,0.51
1.13,0.86,1319.41,18.05,-64.97,0.51
1.08,0.87,1316.31,18.03,-80.06,0.51
1.08,0.88,1316.31,18.03,-80.06,0.51
1.09,0.89,1304.96,17.98,-79.24,0.51
1.13,0.85,1266.97,17.77,-66.81,0.5
1.06,0.94,1234.7,17.6,-62.97,0.51
1.08,0.86,1197.99,17.39,-80.06,0.5
1.05,0.9,1192.38,17.36,-63.62,0.5
1.09,1.0,1186.39,17.33,-49.73,0.51
1.1,0.87,1184.05,17.31,-77.6,0.49
1.1,0.88,1184.05,17.31,-77.6,0.49
1.06,0.93,1165.33,17.21,-62.97,0.5
1.16,0.79,1165.09,17.2,-79.35,0.49
1.16,0.78,1165.09,17.2,-79.35,0.49
1.07,0.97,1155.68,17.15,-62.43,0.5
1.08,0.99,1153.59,17.14,-51.15,0.51
1.11,0.89,1140.33,17.06,-75.01,0.49
1.16,0.77,1098.22,16.81,-80.45,0.49
1.08,0.98,1094.08,16.78,-51.15,0.5
1.15,0.84,1092.65,16.77,-72.7,0.49
1.09,0.87,1084.25,16.72,-81.24,0.49
1.09,0.88,1084.25,16.72,-81.24,0.49
1.1,0.86,1076.78,16.67,-77.6,0.48
1.12,0.89,1051.42,16.52,-75.01,0.48
1.07,0.95,990.77,16.12,-62.43,0.48
1.09,0.86,985.31,16.09,-81.24,0.47
1.06,0.96,981.13,16.06,-62.97,0.48
1.11,0.87,945.48,15.81,-77.43,0.47
1.11,0.88,945.48,15.81,-77.43,0.47
1.06,0.92,922.42,15.65,-62.97,0.46
1.07,0.94,897.57,15.47,-62.83,0.46
1.12,0.88,870.54,15.28,-77.43,0.46
1.12,0.87,870.54,15.28,-77.43,0.46
1.11,0.86,858.14,15.18,-77.43,0.46
1.09,0.99,854.66,15.16,-54.04,0.46
1.14,0.89,854.11,15.15,-61.79,0.46
1.07,0.93,845.71,15.09,-62.83,0.45
1.09,0.98,809.34,14.81,-54.04,0.45
1.12,0.86,789.46,14.65,-77.43,0.45
1.08,0.97,764.51,14.45,-64.29,0.44
1.08,0.95,715.54,14.03,-67.23,0.43
1.14,0.88,709.23,13.97,-64.34,0.43
1.14,0.87,709.23,13.97,-64.34,0.43
1.06,0.91,687.76,13.78,-63.62,0.43
1.07,0.96,669.13,13.61,-62.43,0.42
1.07,0.92,664.17,13.57,-64.82,0.42
1.1,1.0,660.6,13.53,-48.9,0.43
1.08,0.94,645.86,13.39,-69.05,0.42
1.14,0.86,641.63,13.35,-67.32,0.42
1.14,0.85,613.99,13.08,-69.04,0.41
1.08,0.93,607.09,13.02,-69.05,0.41
1.06,0.9,603.94,12.98,-63.62,0.41
1.09,0.97,558.36,12.51,-66.4,0.4
1.16,0.84,556.79,12.49,-72.7,0.4
1.09,0.95,551.04,12.43,-69.17,0.4
1.15,0.89,527.46,12.17,-61.79,0.39
1.09,0.94,495.41,11.81,-70.88,0.38
1.07,0.91,488.78,11.73,-66.82,0.39
1.08,0.92,471.35,11.52,-70.71,0.38
1.1,0.99,464.46,11.43,-53.29,0.37
1.09,0.93,464.46,11.43,-70.88,0.38
1.1,0.98,437.67,11.1,-53.29,0.36
1.15,0.87,436.56,11.08,-64.34,0.36
1.15,0.88,436.56,11.08,-64.34,0.36
1.08,0.96,429.53,10.99,-65.63,0.37
1.07,0.9,426.13,10.94,-66.82,0.37
1.1,0.95,403.31,10.64,-65.53,0.36
1.11,1.0,402.61,10.63,-47.05,0.35
1.15,0.86,391.73,10.48,-67.32,0.35
1.15,0.85,375.01,10.24,-69.04,0.34
1.1,0.94,360.31,10.02,-67.44,0.34
1.13,0.95,356.95,9.97,-52.0,0.33
1.09,0.92,356.1,9.96,-72.44,0.35
1.08,0.91,340.22,9.71,-72.37,0.35
1.13,0.94,338.58,9.69,-52.0,0.33
1.1,0.93,336.38,9.65,-67.44,0.33
1.1,0.97,328.18,9.52,-62.44,0.33
1.13,0.93,315.78,9.32,-53.12,0.32
1.09,0.96,303.26,9.11,-67.66,0.32
1.18,0.71,295.58,8.98,-81.66,0.31
1.17,0.74,295.58,8.98,-81.66,0.31
1.17,0.72,295.58,8.98,-81.66,0.31
1.18,0.73,295.58,8.98,-81.66,0.31
1.18,0.76,295.58,8.98,-81.66,0.31
1.17,0.76,295.58,8.98,-81.66,0.31
1.17,0.73,295.58,8.98,-81.66,0.31
1.17,0.71,295.58,8.98,-81.66,0.31
1.18,0.72,295.58,8.98,-81.66,0.31
1.18,0.75,295.58,8.98,-81.66,0.31
1.18,0.74,295.58,8.98,-81.66,0.31
1.17,0.75,295.58,8.98,-81.66,0.31
1.08,0.9,293.38,8.95,-72.37,0.33
1.19,0.71,288.16,8.85,-81.66,0.31
1.19,0.72,288.16,8.85,-81.66,0.31
1.19,0.76,288.16,8.85,-81.66,0.31
1.19,0.74,288.16,8.85,-81.66,0.31
1.19,0.75,288.16,8.85,-81.66,0.31
1.19,0.73,288.16,8.85,-81.66,0.31
1.11,0.99,276.69,8.65,-51.11,0.3
1.17,1.0,273.38,8.59,-44.65,0.3
1.11,0.95,265.82,8.45,-67.35,0.3
1.13,1.0,264.43,8.43,-40.65,0.29
1.11,0.98,258.81,8.32,-51.11,0.29
1.1,0.92,252.61,8.2,-70.0,0.31
1.13,0.92,252.12,8.19,-56.71,0.29
1.09,0.91,251.42,8.18,-74.01,0.31
1.16,1.0,245.92,8.07,-44.65,0.28
1.11,0.94,236.98,7.9,-68.94,0.29
1.12,0.95,236.75,7.89,-67.63,0.28
1.14,1.0,236.59,7.89,-44.65,0.27
1.18,1.0,234.97,7.86,-43.39,0.27
1.15,1.0,234.48,7.85,-44.65,0.27
1.16,0.89,233.56,7.83,-61.79,0.27
1.19,1.0,228.69,7.73,-43.39,0.27
1.12,0.94,219.89,7.54,-68.24,0.28
1.11,0.93,219.47,7.54,-68.94,0.28
1.09,0.9,214.03,7.42,-74.01,0.3
1.17,0.99,209.69,7.33,-49.31,0.25
1.17,0.97,209.69,7.33,-49.31,0.25
1.17,0.98,209.69,7.33,-49.31,0.25
1.16,0.95,206.61,7.26,-52.37,0.25
1.17,0.82,204.53,7.21,-72.7,0.26
1.17,0.84,204.53,7.21,-72.7,0.26
1.17,0.83,204.53,7.21,-72.7,0.26
1.12,0.93,203.26,7.19,-68.24,0.27
1.16,0.94,196.88,7.04,-53.88,0.24
1.12,1.0,194.39,6.99,-48.49,0.24
1.16,0.87,191.75,6.93,-64.34,0.25
1.16,0.88,191.75,6.93,-64.34,0.25
1.13,0.99,191.2,6.91,-45.65,0.24
1.17,0.96,187.59,6.83,-52.37,0.23
1.17,0.81,186.97,6.82,-74.27,0.24
1.16,0.99,186.91,6.82,-49.31,0.23
1.11,0.97,185.74,6.79,-60.69,0.25
1.15,0.95,185.37,6.78,-52.37,0.23
1.13,0.91,185.3,6.78,-60.02,0.26
1.17,0.8,184.67,6.76,-74.48,0.24
1.16,0.98,184.61,6.76,-49.31,0.23
1.16,0.93,181.45,6.69,-56.28,0.23
1.18,0.97,181.27,6.68,-48.15,0.22
1.18,0.99,181.27,6.68,-48.15,0.22
1.18,0.98,181.27,6.68,-48.15,0.22
1.13,0.98,180.25,6.66,-45.65,0.23
1.14,0.99,177.02,6.58,-49.31,0.22
1.15,0.99,176.38,6.57,-49.31,0.22
1.15,0.94,176.31,6.56,-53.88,0.22
1.19,0.98,175.99,6.56,-48.15,0.22
1.19,0.97,175.99,6.56,-48.15,0.22
1.19,0.99,175.99,6.56,-48.15,0.22
1.14,0.95,175.43,6.54,-52.37,0.22
1.14,0.98,174.72,6.53,-49.31,0.22
1.16,0.97,174.69,6.53,-49.31,0.22
1.15,0.98,174.12,6.51,-49.31,0.22
1.1,0.91,171.68,6.45,-71.71,0.27
1.13,0.97,168.88,6.38,-45.65,0.22
1.16,0.86,167.38,6.35,-67.32,0.23
1.14,0.94,166.69,6.33,-53.88,0.22
1.14,0.97,165.15,6.29,-49.31,0.21
1.15,0.97,164.57,6.28,-49.31,0.21
1.16,0.85,162.93,6.23,-69.04,0.23
1.1,0.96,162.27,6.22,-63.84,0.24
1.15,0.93,161.95,6.21,-56.28,0.21
1.18,0.96,161.6,6.2,-51.28,0.21
1.18,0.83,160.35,6.17,-72.08,0.22
1.18,0.84,160.35,6.17,-72.08,0.22
1.18,0.82,160.35,6.17,-72.08,0.22
1.11,0.92,160.03,6.16,-72.62,0.26
1.19,0.96,156.7,6.07,-51.28,0.2
1.19,0.82,155.47,6.04,-72.08,0.22
1.19,0.84,155.47,6.04,-72.08,0.22
1.19,0.83,155.47,6.04,-72.08,0.22
1.13,0.9,154.95,6.03,-60.02,0.24
1.12,0.92,154.35,6.01,-71.15,0.25
1.16,0.96,153.6,5.99,-52.37,0.2
1.14,0.93,152.83,5.97,-56.28,0.21
1.16,0.92,151.94,5.95,-59.62,0.21
1.17,0.95,145.45,5.78,-52.37,0.19
1.18,0.81,145.34,5.77,-73.69,0.21
1.18,0.8,143.38,5.72,-73.9,0.21
1.1,0.9,142.77,5.71,-73.0,0.25
1.19,0.81,140.74,5.65,-73.69,0.2
1.19,0.8,138.81,5.6,-73.9,0.2
1.17,0.94,137.66,5.56,-53.88,0.19
1.15,0.96,136.04,5.52,-52.37,0.18
1.15,0.92,134.49,5.48,-59.62,0.19
1.12,0.99,131.14,5.38,-51.23,0.19
1.17,0.79,130.29,5.36,-79.35,0.21
1.17,0.78,130.29,5.36,-79.35,0.21
1.18,0.95,128.29,5.3,-51.28,0.17
1.14,0.96,127.82,5.29,-52.37,0.18
1.14,0.92,126.32,5.24,-59.62,0.18
1.17,0.93,125.31,5.21,-56.28,0.18
1.19,0.95,124.01,5.17,-51.28,0.17
1.18,0.94,121.05,5.09,-52.83,0.16
1.12,0.98,120.17,5.06,-53.73,0.19
1.17,0.77,118.12,5.0,-80.45,0.2
1.19,0.94,116.9,4.96,-52.83,0.16
1.18,0.93,109.56,4.74,-55.28,0.15
1.17,0.92,108.07,4.69,-59.62,0.16
1.16,0.91,105.81,4.62,-59.62,0.16
1.19,0.93,105.63,4.61,-55.28,0.15
1.12,0.91,104.04,4.56,-71.67,0.21
1.16,0.9,102.17,4.5,-59.62,0.16
1.11,0.91,101.99,4.5,-73.97,0.22
1.18,0.78,96.89,4.33,-78.88,0.17
1.18,0.79,96.89,4.33,-78.88,0.17
1.18,0.92,93.52,4.22,-58.7,0.13
1.19,0.78,93.19,4.21,-78.88,0.17
1.19,0.79,93.19,4.21,-78.88,0.17
1.15,0.91,91.55,4.15,-59.62,0.15
1.19,0.92,89.89,4.09,-58.7,0.13
1.13,0.96,87.75,4.02,-53.67,0.15
1.18,0.77,86.48,3.97,-80.0,0.16
1.15,0.9,86.43,3.97,-59.62,0.14
1.14,0.91,84.88,3.92,-59.62,0.14
1.19,0.77,82.98,3.85,-80.0,0.16
1.12,0.9,82.33,3.83,-72.97,0.2
1.11,0.9,80.49,3.76,-75.16,0.21
1.14,0.9,78.03,3.67,-59.62,0.14
1.11,0.96,75.8,3.59,-65.95,0.17
1.12,0.97,75.34,3.58,-63.15,0.14
1.17,0.91,69.97,3.37,-59.62,0.11
1.17,0.9,69.97,3.37,-59.62,0.11
1.18,0.91,63.41,3.12,-58.7,0.09
1.18,0.9,63.41,3.12,-58.7,0.09
1.17,0.89,60.86,3.02,-61.79,0.1
1.19,0.91,60.35,3.0,-58.7,0.09
1.19,0.9,60.35,3.0,-58.7,0.09
1.18,0.89,54.65,2.76,-60.92,0.08
1.19,0.89,51.75,2.64,-60.92,0.08
1.17,0.88,50.09,2.57,-64.34,0.09
1.17,0.87,50.09,2.57,-64.34,0.09
1.18,0.87,44.3,2.32,-63.53,0.07
1.18,0.88,44.3,2.32,-63.53,0.07
1.19,0.88,41.59,2.2,-63.53,0.06
1.19,0.87,41.59,2.2,-63.53,0.06
1.17,0.86,37.55,2.01,-67.32,0.08
1.18,0.86,32.24,1.76,-66.58,0.06
1.19,0.86,29.76,1.64,-66.58,0.06
1.17,0.85,23.37,1.32,-69.04,0.06
1.12,0.96,20.56,1.18,-72.72,0.07
1.18,0.85,19.8,1.14,-68.34,0.04
1.19,0.85,17.55,1.02,-68.34,0.04
