buy,sell,ma,total_ret,cagr,max_dd,sharpe
1.03,0.83,200,12503.11,20.45,-62.55,0.57
1.03,0.82,200,11814.54,20.19,-63.45,0.56
1.04,0.83,200,11764.23,20.17,-62.38,0.56
1.0,0.83,250,11365.61,20.02,-62.29,0.56
1.0,0.84,250,11365.61,20.02,-62.29,0.56
1.03,0.81,200,11263.08,19.97,-63.45,0.56
1.04,0.82,200,11122.86,19.92,-63.26,0.56
1.0,0.81,250,10832.96,19.8,-62.29,0.56
1.0,0.82,250,10832.96,19.8,-62.29,0.56
1.05,0.83,200,10772.09,19.77,-62.38,0.56
1.03,0.8,200,10692.53,19.74,-64.72,0.55
1.04,0.81,200,10606.01,19.7,-63.26,0.55
1.06,0.82,150,10580.03,19.69,-62.93,0.55
1.05,0.82,200,10192.08,19.52,-63.26,0.55
1.06,0.81,150,10091.74,19.47,-62.93,0.55
1.04,0.8,200,10070.11,19.46,-64.53,0.55
1.07,0.82,150,10016.72,19.44,-63.0,0.55
1.02,0.83,200,9901.23,19.39,-61.87,0.55
1.0,0.8,250,9736.58,19.31,-63.29,0.55
1.05,0.81,200,9721.29,19.3,-63.26,0.55
1.01,0.83,250,9653.84,19.27,-62.13,0.55
1.01,0.84,250,9653.84,19.27,-62.13,0.55
1.07,0.81,150,9555.35,19.22,-63.0,0.54
1.02,0.82,200,9254.45,19.08,-62.66,0.54
1.05,0.8,200,9231.97,19.07,-64.53,0.54
1.0,0.86,250,9215.63,19.06,-59.89,0.54
1.01,0.81,250,9206.9,19.06,-62.13,0.54
1.01,0.82,250,9206.9,19.06,-62.13,0.54
1.06,0.8,150,9160.83,19.03,-64.19,0.54
1.01,0.83,200,9046.31,18.98,-64.9,0.54
1.05,0.82,150,8977.97,18.94,-66.23,0.54
1.07,0.77,150,8945.73,18.93,-71.69,0.53
1.06,0.77,150,8875.51,18.89,-71.59,0.53
1.02,0.81,200,8829.96,18.87,-62.66,0.54
1.07,0.8,150,8675.77,18.79,-64.26,0.53
1.0,0.79,250,8643.83,18.77,-67.04,0.53
1.06,0.83,200,8559.86,18.73,-62.13,0.53
1.05,0.81,150,8458.39,18.67,-66.5,0.53
1.08,0.77,150,8440.93,18.66,-71.51,0.53
1.01,0.82,200,8381.11,18.63,-65.44,0.53
1.0,0.85,250,8332.41,18.6,-59.89,0.53
1.02,0.83,250,8310.15,18.59,-62.13,0.53
1.02,0.84,250,8310.15,18.59,-62.13,0.53
1.01,0.8,250,8294.12,18.58,-62.98,0.53
1.02,0.8,200,8282.96,18.58,-63.85,0.53
1.0,0.76,250,8266.06,18.57,-71.5,0.53
1.0,0.75,250,8266.06,18.57,-71.5,0.53
1.0,0.78,250,8260.43,18.57,-66.95,0.53
1.03,0.79,200,8176.13,18.52,-67.3,0.53
1.03,0.78,200,8176.13,18.52,-67.3,0.53
1.06,0.82,200,8116.46,18.49,-62.98,0.53
1.04,0.82,150,8036.13,18.44,-69.25,0.53
1.08,0.82,150,8006.24,18.42,-62.83,0.53
1.01,0.81,200,8000.5,18.42,-65.44,0.53
1.03,0.84,250,7962.87,18.4,-62.13,0.53
1.03,0.83,250,7962.87,18.4,-62.13,0.53
1.02,0.81,250,7929.72,18.38,-62.13,0.53
1.02,0.82,250,7929.72,18.38,-62.13,0.53
1.09,0.77,150,7914.88,18.37,-71.31,0.52
1.03,0.77,200,7848.58,18.34,-68.19,0.52
1.07,0.83,200,7816.12,18.32,-62.13,0.53
1.08,0.83,200,7816.12,18.32,-62.13,0.53
1.03,0.75,200,7801.26,18.31,-71.08,0.52
1.03,0.74,200,7801.26,18.31,-71.08,0.52
1.03,0.72,200,7801.26,18.31,-71.08,0.52
1.03,0.76,200,7801.26,18.31,-71.08,0.52
1.03,0.73,200,7801.26,18.31,-71.08,0.52
1.06,0.81,200,7748.36,18.28,-62.98,0.53
1.04,0.79,200,7709.74,18.26,-67.08,0.52
1.04,0.78,200,7709.74,18.26,-67.08,0.52
1.07,0.74,150,7704.97,18.25,-70.94,0.52
1.07,0.76,150,7704.97,18.25,-70.94,0.52
1.07,0.75,150,7704.97,18.25,-70.94,0.52
1.07,0.72,150,7704.97,18.25,-70.94,0.52
1.07,0.73,150,7704.97,18.25,-70.94,0.52
1.05,0.8,150,7687.2,18.24,-66.5,0.52
1.01,0.86,250,7681.38,18.24,-59.75,0.53
1.06,0.76,150,7648.5,18.22,-70.85,0.52
1.06,0.74,150,7648.5,18.22,-70.85,0.52
1.06,0.75,150,7648.5,18.22,-70.85,0.52
1.06,0.72,150,7648.5,18.22,-70.85,0.52
1.06,0.73,150,7648.5,18.22,-70.85,0.52
1.08,0.81,150,7644.24,18.22,-62.83,0.52
1.03,0.81,250,7599.64,18.19,-62.13,0.52
1.03,0.82,250,7599.64,18.19,-62.13,0.52
1.09,0.82,150,7506.82,18.14,-62.73,0.52
1.04,0.81,150,7503.73,18.13,-69.64,0.52
1.0,0.77,250,7457.24,18.11,-66.96,0.52
1.09,0.83,200,7442.56,18.1,-62.13,0.52
1.01,0.8,200,7433.04,18.09,-65.97,0.52
1.08,0.82,200,7418.39,18.08,-62.98,0.52
1.07,0.82,200,7418.39,18.08,-62.98,0.52
1.04,0.77,200,7402.7,18.07,-67.98,0.52
1.01,0.79,250,7375.8,18.06,-66.49,0.52
1.05,0.74,200,7363.1,18.05,-70.86,0.52
1.05,0.76,200,7363.1,18.05,-70.86,0.52
1.05,0.73,200,7363.1,18.05,-70.86,0.52
1.05,0.75,200,7363.1,18.05,-70.86,0.52
1.04,0.74,200,7363.1,18.05,-70.86,0.52
1.04,0.75,200,7363.1,18.05,-70.86,0.52
1.04,0.72,200,7363.1,18.05,-70.86,0.52
1.04,0.73,200,7363.1,18.05,-70.86,0.52
1.04,0.76,200,7363.1,18.05,-70.86,0.52
1.05,0.72,200,7363.1,18.05,-70.86,0.52
1.06,0.8,200,7362.87,18.05,-64.23,0.52
1.06,0.79,150,7349.7,18.04,-66.72,0.52
1.1,0.77,150,7321.77,18.02,-71.02,0.52
1.08,0.75,150,7276.17,18.0,-70.75,0.52
1.08,0.76,150,7276.17,18.0,-70.75,0.52
1.08,0.73,150,7276.17,18.0,-70.75,0.52
1.08,0.74,150,7276.17,18.0,-70.75,0.52
1.08,0.72,150,7276.17,18.0,-70.75,0.52
1.03,0.84,200,7260.26,17.99,-62.55,0.52
1.09,0.81,150,7169.11,17.93,-62.73,0.52
1.02,0.8,250,7157.46,17.92,-62.98,0.52
1.11,0.77,150,7150.11,17.92,-70.93,0.51
1.0,0.72,250,7125.31,17.9,-70.74,0.51
1.0,0.71,250,7125.31,17.9,-70.74,0.51
1.0,0.74,250,7125.31,17.9,-70.74,0.51
1.0,0.73,250,7125.31,17.9,-70.74,0.51
1.0,0.7,250,7125.31,17.9,-70.74,0.51
1.08,0.81,200,7084.77,17.88,-62.98,0.52
1.07,0.81,200,7084.77,17.88,-62.98,0.52
1.05,0.78,200,7080.01,17.87,-67.08,0.52
1.05,0.79,200,7080.01,17.87,-67.08,0.52
1.09,0.82,200,7067.49,17.87,-62.98,0.52
1.02,0.75,250,7061.51,17.86,-70.92,0.51
1.02,0.76,250,7061.51,17.86,-70.92,0.51
1.01,0.75,250,7061.51,17.86,-70.92,0.51
1.01,0.76,250,7061.51,17.86,-70.92,0.51
1.06,0.78,150,7059.54,17.86,-66.72,0.51
1.01,0.78,250,7051.22,17.86,-66.39,0.52
1.03,0.71,200,7043.86,17.85,-72.31,0.51
1.03,0.7,200,7043.86,17.85,-72.31,0.51
1.07,0.79,150,6964.49,17.8,-66.78,0.51
1.07,0.71,150,6957.48,17.8,-71.68,0.51
1.07,0.7,150,6957.48,17.8,-71.68,0.51
1.01,0.85,250,6956.04,17.79,-59.75,0.52
1.08,0.8,150,6951.52,17.79,-64.07,0.51
1.1,0.82,150,6943.09,17.79,-62.48,0.52
1.05,0.84,250,6919.24,17.77,-62.13,0.52
1.04,0.83,250,6919.24,17.77,-62.13,0.52
1.04,0.84,250,6919.24,17.77,-62.13,0.52
1.05,0.83,250,6919.24,17.77,-62.13,0.52
1.06,0.71,150,6906.84,17.76,-71.62,0.51
1.06,0.7,150,6906.84,17.76,-71.62,0.51
1.03,0.8,250,6863.81,17.73,-62.98,0.51
1.09,0.74,150,6828.93,17.71,-70.54,0.51
1.09,0.75,150,6828.93,17.71,-70.54,0.51
1.09,0.72,150,6828.93,17.71,-70.54,0.51
1.09,0.76,150,6828.93,17.71,-70.54,0.51
1.09,0.73,150,6828.93,17.71,-70.54,0.51
1.04,0.8,150,6826.0,17.71,-69.64,0.51
1.05,0.77,200,6800.29,17.69,-67.08,0.51
1.11,0.82,150,6780.09,17.68,-62.48,0.51
1.03,0.75,250,6773.69,17.68,-70.76,0.51
1.03,0.76,250,6773.69,17.68,-70.76,0.51
1.09,0.81,200,6751.12,17.66,-62.98,0.51
1.06,0.72,200,6748.2,17.66,-70.52,0.51
1.06,0.75,200,6748.2,17.66,-70.52,0.51
1.08,0.73,200,6748.2,17.66,-70.52,0.51
1.08,0.74,200,6748.2,17.66,-70.52,0.51
1.08,0.75,200,6748.2,17.66,-70.52,0.51
1.07,0.74,200,6748.2,17.66,-70.52,0.51
1.07,0.75,200,6748.2,17.66,-70.52,0.51
1.06,0.74,200,6748.2,17.66,-70.52,0.51
1.06,0.73,200,6748.2,17.66,-70.52,0.51
1.08,0.76,200,6748.2,17.66,-70.52,0.51
1.06,0.76,200,6748.2,17.66,-70.52,0.51
1.07,0.76,200,6748.2,17.66,-70.52,0.51
1.07,0.72,200,6748.2,17.66,-70.52,0.51
1.07,0.73,200,6748.2,17.66,-70.52,0.51
1.08,0.72,200,6748.2,17.66,-70.52,0.51
1.08,0.8,200,6734.19,17.65,-64.23,0.51
1.07,0.8,200,6734.19,17.65,-64.23,0.51
1.1,0.83,200,6724.77,17.64,-62.0,0.51
1.07,0.78,150,6690.32,17.62,-66.78,0.51
1.05,0.7,200,6650.42,17.59,-72.04,0.51
1.04,0.71,200,6650.42,17.59,-72.04,0.51
1.05,0.71,200,6650.42,17.59,-72.04,0.51
1.04,0.7,200,6650.42,17.59,-72.04,0.51
1.05,0.77,150,6644.29,17.59,-70.58,0.51
1.1,0.81,150,6633.05,17.58,-62.48,0.51
1.02,0.86,250,6631.01,17.58,-59.75,0.51
1.04,0.81,250,6607.76,17.57,-62.13,0.51
1.04,0.82,250,6607.76,17.57,-62.13,0.51
1.05,0.81,250,6607.76,17.57,-62.13,0.51
1.05,0.82,250,6607.76,17.57,-62.13,0.51
1.08,0.71,150,6572.41,17.54,-71.42,0.51
1.08,0.7,150,6572.41,17.54,-71.42,0.51
1.12,0.77,150,6571.88,17.54,-70.62,0.51
1.04,0.84,200,6557.12,17.53,-62.38,0.51
1.09,0.8,150,6522.38,17.51,-63.96,0.51
1.11,0.81,150,6478.0,17.48,-62.48,0.51
1.09,0.72,200,6435.26,17.45,-70.33,0.5
1.09,0.73,200,6435.26,17.45,-70.33,0.5
1.09,0.76,200,6435.26,17.45,-70.33,0.5
1.09,0.75,200,6435.26,17.45,-70.33,0.5
1.09,0.74,200,6435.26,17.45,-70.33,0.5
1.09,0.8,200,6418.08,17.44,-64.23,0.51
1.1,0.82,200,6392.42,17.42,-62.83,0.51
1.02,0.79,250,6374.84,17.41,-64.26,0.51
1.01,0.77,250,6372.63,17.4,-66.75,0.51
1.02,0.79,200,6366.01,17.4,-66.48,0.51
1.04,0.76,250,6348.87,17.39,-70.5,0.5
1.05,0.76,250,6348.87,17.39,-70.5,0.5
1.05,0.75,250,6348.87,17.39,-70.5,0.5
1.04,0.75,250,6348.87,17.39,-70.5,0.5
1.02,0.78,200,6339.24,17.38,-66.47,0.51
1.1,0.76,150,6325.83,17.37,-70.23,0.5
1.1,0.72,150,6325.83,17.37,-70.23,0.5
1.1,0.73,150,6325.83,17.37,-70.23,0.5
1.1,0.74,150,6325.83,17.37,-70.23,0.5
1.1,0.75,150,6325.83,17.37,-70.23,0.5
1.03,0.85,200,6302.19,17.35,-62.62,0.51
1.03,0.86,250,6265.66,17.33,-60.01,0.51
1.11,0.83,200,6247.24,17.32,-61.9,0.51
1.12,0.82,150,6231.1,17.3,-62.4,0.51
1.11,0.74,150,6179.91,17.27,-70.13,0.5
1.11,0.75,150,6179.91,17.27,-70.13,0.5
1.11,0.76,150,6179.91,17.27,-70.13,0.5
1.11,0.72,150,6179.91,17.27,-70.13,0.5
1.11,0.73,150,6179.91,17.27,-70.13,0.5
1.03,0.82,150,6179.0,17.27,-73.04,0.51
1.13,0.77,150,6172.82,17.26,-70.37,0.5
1.09,0.7,150,6170.77,17.26,-71.25,0.5
1.09,0.71,150,6170.77,17.26,-71.25,0.5
1.05,0.79,150,6159.83,17.25,-66.59,0.5
1.03,0.79,250,6116.3,17.22,-64.13,0.5
1.1,0.81,200,6109.05,17.22,-62.83,0.5
1.02,0.73,250,6103.66,17.21,-70.11,0.5
1.02,0.72,250,6103.66,17.21,-70.11,0.5
1.01,0.73,250,6103.66,17.21,-70.11,0.5
1.01,0.74,250,6103.66,17.21,-70.11,0.5
1.01,0.72,250,6103.66,17.21,-70.11,0.5
1.01,0.7,250,6103.66,17.21,-70.11,0.5
1.02,0.7,250,6103.66,17.21,-70.11,0.5
1.01,0.71,250,6103.66,17.21,-70.11,0.5
1.02,0.71,250,6103.66,17.21,-70.11,0.5
1.02,0.74,250,6103.66,17.21,-70.11,0.5
1.06,0.71,200,6098.25,17.21,-71.63,0.5
1.06,0.7,200,6098.25,17.21,-71.63,0.5
1.08,0.71,200,6098.25,17.21,-71.63,0.5
1.07,0.71,200,6098.25,17.21,-71.63,0.5
1.08,0.7,200,6098.25,17.21,-71.63,0.5
1.07,0.7,200,6098.25,17.21,-71.63,0.5
1.02,0.78,250,6096.66,17.21,-64.23,0.5
1.06,0.83,150,6076.71,17.19,-62.77,0.5
1.06,0.75,250,6063.81,17.18,-70.3,0.5
1.06,0.76,250,6063.81,17.18,-70.3,0.5
1.07,0.75,250,6063.81,17.18,-70.3,0.5
1.07,0.76,250,6063.81,17.18,-70.3,0.5
1.0,0.83,200,6062.79,17.18,-72.2,0.51
1.06,0.83,250,6041.08,17.17,-62.0,0.5
1.07,0.84,250,6041.08,17.17,-62.0,0.5
1.06,0.84,250,6041.08,17.17,-62.0,0.5
1.07,0.83,250,6041.08,17.17,-62.0,0.5
1.1,0.8,150,6038.51,17.16,-63.69,0.5
1.05,0.84,200,6026.3,17.16,-62.38,0.5
1.02,0.85,250,6012.55,17.15,-59.75,0.5
1.04,0.8,250,5981.51,17.12,-62.98,0.5
1.05,0.8,250,5981.51,17.12,-62.98,0.5
1.12,0.81,150,5955.73,17.1,-62.4,0.5
1.02,0.84,200,5946.36,17.1,-61.89,0.5
1.11,0.82,200,5943.1,17.09,-62.73,0.5
1.11,0.8,150,5898.47,17.06,-63.69,0.5
1.03,0.73,250,5859.15,17.03,-69.94,0.5
1.03,0.74,250,5859.15,17.03,-69.94,0.5
1.03,0.72,250,5859.15,17.03,-69.94,0.5
1.03,0.71,250,5859.15,17.03,-69.94,0.5
1.03,0.7,250,5859.15,17.03,-69.94,0.5
1.08,0.76,250,5857.96,17.03,-70.16,0.5
1.08,0.75,250,5857.96,17.03,-70.16,0.5
1.09,0.76,250,5857.96,17.03,-70.16,0.5
1.09,0.75,250,5857.96,17.03,-70.16,0.5
1.13,0.82,150,5852.26,17.03,-62.37,0.5
1.03,0.78,250,5850.1,17.02,-64.23,0.5
1.02,0.77,200,5843.37,17.02,-67.49,0.5
1.05,0.78,150,5837.47,17.01,-66.95,0.5
1.09,0.83,250,5833.44,17.01,-61.89,0.5
1.09,0.84,250,5833.44,17.01,-61.89,0.5
1.08,0.84,250,5833.44,17.01,-61.89,0.5
1.08,0.83,250,5833.44,17.01,-61.89,0.5
1.1,0.73,200,5831.84,17.01,-69.92,0.5
1.1,0.74,200,5831.84,17.01,-69.92,0.5
1.1,0.76,200,5831.84,17.01,-69.92,0.5
1.1,0.72,200,5831.84,17.01,-69.92,0.5
1.1,0.75,200,5831.84,17.01,-69.92,0.5
1.09,0.7,200,5817.23,17.0,-71.63,0.5
1.09,0.71,200,5817.23,17.0,-71.63,0.5
1.1,0.8,200,5809.72,16.99,-64.07,0.5
1.04,0.77,150,5775.15,16.97,-70.57,0.49
1.07,0.81,250,5772.91,16.97,-62.0,0.5
1.06,0.81,250,5772.91,16.97,-62.0,0.5
1.06,0.82,250,5772.91,16.97,-62.0,0.5
1.07,0.82,250,5772.91,16.97,-62.0,0.5
1.05,0.76,150,5752.58,16.95,-69.76,0.49
1.01,0.79,200,5729.35,16.93,-66.27,0.5
1.02,0.76,200,5721.53,16.93,-69.96,0.49
1.1,0.7,150,5718.98,16.92,-70.86,0.49
1.1,0.71,150,5718.98,16.92,-70.86,0.49
1.04,0.85,200,5697.26,16.91,-63.76,0.5
1.12,0.72,150,5688.37,16.9,-69.79,0.49
1.12,0.75,150,5688.37,16.9,-69.79,0.49
1.12,0.76,150,5688.37,16.9,-69.79,0.49
1.12,0.74,150,5688.37,16.9,-69.79,0.49
1.12,0.73,150,5688.37,16.9,-69.79,0.49
1.01,0.78,200,5686.16,16.9,-66.25,0.5
1.03,0.85,250,5684.41,16.9,-60.01,0.5
1.11,0.81,200,5681.66,16.9,-62.73,0.5
1.06,0.78,200,5675.52,16.89,-66.75,0.5
1.06,0.79,200,5675.52,16.89,-66.75,0.5
1.02,0.75,200,5672.84,16.89,-69.94,0.49
1.02,0.74,200,5672.84,16.89,-69.94,0.49
1.03,0.81,150,5663.42,16.88,-73.62,0.5
1.05,0.75,150,5660.89,16.88,-69.72,0.49
1.02,0.73,200,5644.48,16.87,-69.93,0.49
1.05,0.73,150,5610.98,16.84,-69.7,0.49
1.05,0.74,150,5610.98,16.84,-69.7,0.49
1.08,0.79,150,5603.67,16.83,-67.07,0.49
1.02,0.72,200,5597.34,16.83,-69.91,0.49
1.13,0.81,150,5595.31,16.83,-62.37,0.5
1.11,0.7,150,5587.94,16.82,-70.86,0.49
1.11,0.71,150,5587.94,16.82,-70.86,0.49
1.05,0.72,150,5581.92,16.82,-69.68,0.49
1.08,0.82,250,5575.47,16.81,-61.89,0.5
1.08,0.81,250,5575.47,16.81,-61.89,0.5
1.09,0.82,250,5575.47,16.81,-61.89,0.5
1.09,0.81,250,5575.47,16.81,-61.89,0.5
1.02,0.77,250,5515.98,16.76,-66.75,0.49
1.04,0.73,250,5498.31,16.75,-69.66,0.49
1.05,0.74,250,5498.31,16.75,-69.66,0.49
1.05,0.72,250,5498.31,16.75,-69.66,0.49
1.04,0.74,250,5498.31,16.75,-69.66,0.49
1.05,0.73,250,5498.31,16.75,-69.66,0.49
1.05,0.7,250,5498.31,16.75,-69.66,0.49
1.05,0.71,250,5498.31,16.75,-69.66,0.49
1.04,0.71,250,5498.31,16.75,-69.66,0.49
1.04,0.7,250,5498.31,16.75,-69.66,0.49
1.04,0.72,250,5498.31,16.75,-69.66,0.49
1.01,0.84,200,5497.81,16.75,-64.49,0.5
1.04,0.79,150,5465.91,16.72,-69.77,0.49
1.06,0.77,200,5456.69,16.72,-66.75,0.49
1.1,0.75,250,5448.89,16.71,-69.83,0.49
1.1,0.76,250,5448.89,16.71,-69.83,0.49
1.11,0.75,250,5448.89,16.71,-69.83,0.49
1.11,0.76,250,5448.89,16.71,-69.83,0.49
1.0,0.82,200,5446.37,16.71,-73.13,0.5
1.11,0.72,200,5429.87,16.69,-69.6,0.49
1.11,0.74,200,5429.87,16.69,-69.6,0.49
1.11,0.73,200,5429.87,16.69,-69.6,0.49
1.11,0.75,200,5429.87,16.69,-69.6,0.49
1.11,0.76,200,5429.87,16.69,-69.6,0.49
1.12,0.8,150,5426.76,16.69,-63.61,0.49
1.13,0.83,200,5421.12,16.69,-61.67,0.49
1.1,0.84,250,5421.12,16.69,-61.67,0.49
1.11,0.84,250,5421.12,16.69,-61.67,0.49
1.12,0.83,200,5421.12,16.69,-61.67,0.49
1.1,0.83,250,5421.12,16.69,-61.67,0.49
1.11,0.83,250,5421.12,16.69,-61.67,0.49
1.11,0.8,200,5404.76,16.67,-63.96,0.49
1.03,0.88,200,5393.01,16.66,-60.44,0.5
1.08,0.78,150,5388.44,16.66,-68.2,0.49
1.14,0.77,150,5372.13,16.65,-69.76,0.49
1.13,0.72,150,5349.07,16.63,-69.53,0.49
1.13,0.76,150,5349.07,16.63,-69.53,0.49
1.13,0.75,150,5349.07,16.63,-69.53,0.49
1.13,0.73,150,5349.07,16.63,-69.53,0.49
1.13,0.74,150,5349.07,16.63,-69.53,0.49
1.04,0.79,250,5339.54,16.62,-63.92,0.49
1.05,0.79,250,5339.54,16.62,-63.92,0.49
1.04,0.86,250,5332.71,16.62,-60.42,0.49
1.12,0.75,250,5322.16,16.61,-69.73,0.49
1.14,0.76,250,5322.16,16.61,-69.73,0.49
1.13,0.76,250,5322.16,16.61,-69.73,0.49
1.13,0.75,250,5322.16,16.61,-69.73,0.49
1.12,0.76,250,5322.16,16.61,-69.73,0.49
1.14,0.75,250,5322.16,16.61,-69.73,0.49
1.03,0.77,250,5294.72,16.58,-66.75,0.49
1.12,0.83,250,5293.54,16.58,-61.6,0.49
1.12,0.84,250,5293.54,16.58,-61.6,0.49
1.13,0.83,250,5293.54,16.58,-61.6,0.49
1.13,0.84,250,5293.54,16.58,-61.6,0.49
1.1,0.7,200,5275.35,16.57,-71.4,0.49
1.1,0.71,200,5275.35,16.57,-71.4,0.49
1.09,0.79,150,5263.98,16.56,-66.82,0.49
1.07,0.74,250,5256.0,16.55,-69.46,0.49
1.07,0.71,250,5256.0,16.55,-69.46,0.49
1.06,0.72,250,5256.0,16.55,-69.46,0.49
1.07,0.7,250,5256.0,16.55,-69.46,0.49
1.07,0.72,250,5256.0,16.55,-69.46,0.49
1.06,0.73,250,5256.0,16.55,-69.46,0.49
1.06,0.74,250,5256.0,16.55,-69.46,0.49
1.06,0.71,250,5256.0,16.55,-69.46,0.49
1.06,0.7,250,5256.0,16.55,-69.46,0.49
1.07,0.73,250,5256.0,16.55,-69.46,0.49
1.06,0.8,250,5237.8,16.54,-62.83,0.49
1.07,0.8,250,5237.8,16.54,-62.83,0.49
1.05,0.86,250,5236.24,16.54,-61.02,0.49
1.0,0.81,200,5212.07,16.51,-73.13,0.49
1.08,0.79,200,5202.9,16.51,-66.79,0.49
1.07,0.78,200,5202.9,16.51,-66.79,0.49
1.07,0.79,200,5202.9,16.51,-66.79,0.49
1.08,0.78,200,5202.9,16.51,-66.79,0.49
1.05,0.83,150,5191.52,16.5,-66.23,0.49
1.1,0.81,250,5183.35,16.49,-61.67,0.49
1.11,0.81,250,5183.35,16.49,-61.67,0.49
1.11,0.82,250,5183.35,16.49,-61.67,0.49
1.1,0.82,250,5183.35,16.49,-61.67,0.49
1.12,0.82,200,5165.27,16.48,-62.48,0.49
1.13,0.82,200,5165.27,16.48,-62.48,0.49
1.03,0.87,200,5153.65,16.47,-60.19,0.49
1.12,0.7,150,5146.52,16.46,-70.74,0.49
1.12,0.71,150,5146.52,16.46,-70.74,0.49
1.14,0.83,200,5137.54,16.45,-61.67,0.49
1.04,0.78,150,5128.61,16.44,-70.18,0.49
1.17,0.76,250,5112.61,16.43,-69.54,0.49
1.16,0.75,250,5112.61,16.43,-69.54,0.49
1.17,0.75,250,5112.61,16.43,-69.54,0.49
1.15,0.75,250,5112.61,16.43,-69.54,0.49
1.15,0.76,250,5112.61,16.43,-69.54,0.49
1.16,0.76,250,5112.61,16.43,-69.54,0.49
1.05,0.78,250,5109.35,16.43,-64.23,0.49
1.04,0.78,250,5109.35,16.43,-64.23,0.49
1.13,0.8,150,5101.22,16.42,-63.57,0.49
1.04,0.83,150,5083.07,16.4,-69.25,0.49
1.03,0.8,150,5081.21,16.4,-73.83,0.49
1.08,0.7,250,5081.02,16.4,-69.3,0.48
1.08,0.71,250,5081.02,16.4,-69.3,0.48
1.08,0.74,250,5081.02,16.4,-69.3,0.48
1.08,0.72,250,5081.02,16.4,-69.3,0.48
1.09,0.74,250,5081.02,16.4,-69.3,0.48
1.09,0.72,250,5081.02,16.4,-69.3,0.48
1.09,0.73,250,5081.02,16.4,-69.3,0.48
1.08,0.73,250,5081.02,16.4,-69.3,0.48
1.09,0.7,250,5081.02,16.4,-69.3,0.48
1.09,0.71,250,5081.02,16.4,-69.3,0.48
1.01,0.77,200,5066.8,16.39,-67.86,0.49
1.09,0.78,150,5063.18,16.39,-67.94,0.48
1.13,0.81,250,5062.0,16.39,-61.6,0.49
1.12,0.82,250,5062.0,16.39,-61.6,0.49
1.12,0.81,250,5062.0,16.39,-61.6,0.49
1.13,0.82,250,5062.0,16.39,-61.6,0.49
1.09,0.8,250,5061.71,16.39,-62.72,0.49
1.08,0.8,250,5061.71,16.39,-62.72,0.49
1.07,0.83,150,5044.42,16.37,-66.79,0.49
1.15,0.83,200,5017.35,16.35,-61.6,0.49
1.14,0.84,250,5017.35,16.35,-61.6,0.49
1.14,0.83,250,5017.35,16.35,-61.6,0.49
1.16,0.83,200,5017.35,16.35,-61.6,0.49
1.04,0.76,150,5014.2,16.34,-70.57,0.48
1.02,0.7,200,5009.05,16.34,-70.71,0.48
1.02,0.71,200,5009.05,16.34,-70.71,0.48
1.05,0.71,150,5007.53,16.34,-70.02,0.48
1.08,0.77,200,5004.53,16.34,-67.92,0.48
1.07,0.77,200,5004.53,16.34,-67.92,0.48
1.09,0.79,200,4965.02,16.3,-66.75,0.48
1.09,0.78,200,4965.02,16.3,-66.75,0.48
1.05,0.7,150,4950.51,16.29,-69.97,0.48
1.05,0.85,200,4950.41,16.29,-63.76,0.49
1.12,0.81,200,4941.64,16.28,-62.48,0.49
1.13,0.81,200,4941.64,16.28,-62.48,0.49
1.02,0.85,200,4916.24,16.26,-60.72,0.49
1.11,0.71,200,4914.37,16.26,-71.25,0.48
1.11,0.7,200,4914.37,16.26,-71.25,0.48
1.14,0.82,200,4898.25,16.24,-62.48,0.49
1.01,0.76,200,4886.14,16.23,-69.18,0.48
1.1,0.79,150,4881.61,16.23,-66.45,0.48
1.04,0.88,200,4879.89,16.23,-61.64,0.49
1.04,0.75,150,4873.11,16.22,-71.05,0.48
1.17,0.83,200,4853.26,16.2,-61.5,0.48
1.1,0.8,100,4848.27,16.2,-71.79,0.48
1.04,0.85,250,4846.41,16.2,-60.42,0.48
1.13,0.7,150,4841.82,16.19,-70.69,0.48
1.13,0.71,150,4841.82,16.19,-70.69,0.48
1.14,0.82,150,4829.59,16.18,-62.23,0.48
1.02,0.82,150,4823.89,16.18,-75.92,0.49
1.17,0.84,250,4818.81,16.17,-61.6,0.48
1.16,0.84,250,4818.81,16.17,-61.6,0.48
1.17,0.83,250,4818.81,16.17,-61.6,0.48
1.15,0.83,250,4818.81,16.17,-61.6,0.48
1.16,0.83,250,4818.81,16.17,-61.6,0.48
1.15,0.84,250,4818.81,16.17,-61.6,0.48
1.01,0.75,200,4809.15,16.16,-69.14,0.48
1.01,0.74,200,4809.15,16.16,-69.14,0.48
1.14,0.82,250,4799.34,16.15,-62.65,0.48
1.14,0.81,250,4799.34,16.15,-62.65,0.48
1.04,0.73,150,4796.33,16.15,-71.32,0.48
1.04,0.74,150,4796.33,16.15,-71.32,0.48
1.16,0.82,200,4784.93,16.14,-62.4,0.48
1.15,0.82,200,4784.93,16.14,-62.4,0.48
1.06,0.84,200,4781.37,16.14,-62.13,0.48
1.09,0.77,200,4776.88,16.13,-67.69,0.48
1.18,0.75,250,4774.9,16.13,-69.23,0.48
1.18,0.76,250,4774.9,16.13,-69.23,0.48
1.11,0.79,150,4770.77,16.13,-66.35,0.48
1.19,0.74,200,4764.93,16.12,-69.57,0.48
1.19,0.76,200,4764.93,16.12,-69.57,0.48
1.19,0.73,200,4764.93,16.12,-69.57,0.48
1.19,0.75,200,4764.93,16.12,-69.57,0.48
1.19,0.72,200,4764.93,16.12,-69.57,0.48
1.01,0.73,200,4764.3,16.12,-69.11,0.48
1.05,0.85,250,4759.63,16.12,-61.02,0.48
1.15,0.77,150,4752.71,16.11,-69.2,0.48
1.04,0.72,150,4751.6,16.11,-71.48,0.48
1.12,0.75,200,4733.1,16.09,-68.95,0.48
1.12,0.73,200,4733.1,16.09,-68.95,0.48
1.12,0.74,200,4733.1,16.09,-68.95,0.48
1.13,0.73,200,4733.1,16.09,-68.95,0.48
1.12,0.76,200,4733.1,16.09,-68.95,0.48
1.12,0.72,200,4733.1,16.09,-68.95,0.48
1.11,0.72,250,4733.1,16.09,-68.95,0.48
1.14,0.76,200,4733.1,16.09,-68.95,0.48
1.1,0.74,250,4733.1,16.09,-68.95,0.48
1.13,0.74,200,4733.1,16.09,-68.95,0.48
1.13,0.75,200,4733.1,16.09,-68.95,0.48
1.1,0.72,250,4733.1,16.09,-68.95,0.48
1.14,0.73,200,4733.1,16.09,-68.95,0.48
1.14,0.72,200,4733.1,16.09,-68.95,0.48
1.13,0.76,200,4733.1,16.09,-68.95,0.48
1.1,0.71,250,4733.1,16.09,-68.95,0.48
1.1,0.73,250,4733.1,16.09,-68.95,0.48
1.1,0.7,250,4733.1,16.09,-68.95,0.48
1.13,0.72,200,4733.1,16.09,-68.95,0.48
1.11,0.73,250,4733.1,16.09,-68.95,0.48
1.11,0.74,250,4733.1,16.09,-68.95,0.48
1.14,0.75,200,4733.1,16.09,-68.95,0.48
1.14,0.74,200,4733.1,16.09,-68.95,0.48
1.11,0.71,250,4733.1,16.09,-68.95,0.48
1.11,0.7,250,4733.1,16.09,-68.95,0.48
1.11,0.8,250,4711.79,16.07,-62.48,0.48
1.1,0.8,250,4711.79,16.07,-62.48,0.48
1.13,0.8,200,4703.55,16.06,-63.69,0.48
1.12,0.8,200,4703.55,16.06,-63.69,0.48
1.19,0.75,250,4700.74,16.06,-69.16,0.48
1.19,0.76,250,4700.74,16.06,-69.16,0.48
1.1,0.78,150,4697.22,16.06,-67.58,0.48
1.11,0.8,100,4696.3,16.06,-69.11,0.48
1.01,0.72,200,4689.75,16.05,-69.06,0.48
1.14,0.81,200,4687.59,16.05,-62.48,0.48
1.07,0.79,250,4684.28,16.05,-66.13,0.48
1.06,0.79,250,4684.28,16.05,-66.13,0.48
1.06,0.88,150,4675.37,16.04,-59.13,0.49
1.0,0.8,200,4669.86,16.03,-74.02,0.48
1.14,0.74,150,4667.85,16.03,-68.88,0.48
1.14,0.72,150,4667.85,16.03,-68.88,0.48
1.14,0.73,150,4667.85,16.03,-68.88,0.48
1.14,0.76,150,4667.85,16.03,-68.88,0.48
1.14,0.75,150,4667.85,16.03,-68.88,0.48
1.04,0.87,200,4665.71,16.03,-61.39,0.48
1.17,0.82,200,4630.15,16.0,-62.29,0.48
1.04,0.77,250,4630.01,16.0,-66.75,0.48
1.05,0.77,250,4630.01,16.0,-66.75,0.48
1.15,0.75,200,4625.22,15.99,-68.84,0.48
1.15,0.74,200,4625.22,15.99,-68.84,0.48
1.15,0.72,200,4625.22,15.99,-68.84,0.48
1.15,0.76,200,4625.22,15.99,-68.84,0.48
1.16,0.76,200,4625.22,15.99,-68.84,0.48
1.16,0.75,200,4625.22,15.99,-68.84,0.48
1.15,0.73,200,4625.22,15.99,-68.84,0.48
1.12,0.73,250,4625.22,15.99,-68.84,0.48
1.12,0.7,250,4625.22,15.99,-68.84,0.48
1.12,0.72,250,4625.22,15.99,-68.84,0.48
1.12,0.74,250,4625.22,15.99,-68.84,0.48
1.14,0.73,250,4625.22,15.99,-68.84,0.48
1.14,0.71,250,4625.22,15.99,-68.84,0.48
1.14,0.7,250,4625.22,15.99,-68.84,0.48
1.14,0.72,250,4625.22,15.99,-68.84,0.48
1.13,0.73,250,4625.22,15.99,-68.84,0.48
1.13,0.74,250,4625.22,15.99,-68.84,0.48
1.12,0.71,250,4625.22,15.99,-68.84,0.48
1.13,0.7,250,4625.22,15.99,-68.84,0.48
1.13,0.71,250,4625.22,15.99,-68.84,0.48
1.13,0.72,250,4625.22,15.99,-68.84,0.48
1.14,0.74,250,4625.22,15.99,-68.84,0.48
1.16,0.72,200,4625.22,15.99,-68.84,0.48
1.16,0.73,200,4625.22,15.99,-68.84,0.48
1.16,0.74,200,4625.22,15.99,-68.84,0.48
1.14,0.81,150,4622.26,15.99,-62.23,0.48
1.0,0.82,150,4619.16,15.99,-75.92,0.48
1.02,0.88,200,4616.04,15.98,-58.67,0.48
1.16,0.81,250,4610.43,15.98,-62.45,0.48
1.15,0.81,250,4610.43,15.98,-62.45,0.48
1.16,0.82,250,4610.43,15.98,-62.45,0.48
1.17,0.82,250,4610.43,15.98,-62.45,0.48
1.15,0.82,250,4610.43,15.98,-62.45,0.48
1.17,0.81,250,4610.43,15.98,-62.45,0.48
1.13,0.8,250,4603.39,15.97,-62.4,0.48
1.12,0.8,250,4603.39,15.97,-62.4,0.48
1.03,0.86,200,4597.77,15.97,-59.9,0.48
1.11,0.78,150,4591.1,15.96,-67.47,0.48
1.15,0.81,200,4579.75,15.95,-62.4,0.48
1.16,0.81,200,4579.75,15.95,-62.4,0.48
1.01,0.82,150,4579.19,15.95,-76.02,0.48
1.19,0.71,200,4559.11,15.93,-69.46,0.48
1.19,0.7,200,4559.11,15.93,-69.46,0.48
1.06,0.86,250,4533.52,15.9,-61.14,0.48
1.08,0.79,250,4529.04,15.9,-65.95,0.48
1.09,0.79,250,4529.04,15.9,-65.95,0.48
1.1,0.79,200,4506.55,15.88,-66.57,0.47
1.1,0.78,200,4506.55,15.88,-66.57,0.47
1.07,0.78,250,4484.46,15.86,-65.97,0.47
1.06,0.78,250,4484.46,15.86,-65.97,0.47
1.17,0.74,200,4477.75,15.85,-68.68,0.47
1.17,0.75,200,4477.75,15.85,-68.68,0.47
1.17,0.72,200,4477.75,15.85,-68.68,0.47
1.17,0.73,200,4477.75,15.85,-68.68,0.47
1.17,0.76,200,4477.75,15.85,-68.68,0.47
1.14,0.8,200,4462.83,15.84,-63.69,0.48
1.17,0.74,250,4446.67,15.82,-68.72,0.47
1.17,0.71,250,4446.67,15.82,-68.72,0.47
1.17,0.7,250,4446.67,15.82,-68.72,0.47
1.17,0.73,250,4446.67,15.82,-68.72,0.47
1.17,0.72,250,4446.67,15.82,-68.72,0.47
1.16,0.7,250,4446.67,15.82,-68.72,0.47
1.16,0.73,250,4446.67,15.82,-68.72,0.47
1.16,0.74,250,4446.67,15.82,-68.72,0.47
1.16,0.71,250,4446.67,15.82,-68.72,0.47
1.16,0.72,250,4446.67,15.82,-68.72,0.47
1.15,0.74,250,4446.67,15.82,-68.72,0.47
1.15,0.7,250,4446.67,15.82,-68.72,0.47
1.15,0.73,250,4446.67,15.82,-68.72,0.47
1.15,0.72,250,4446.67,15.82,-68.72,0.47
1.15,0.71,250,4446.67,15.82,-68.72,0.47
1.04,0.88,150,4436.69,15.81,-68.53,0.48
1.17,0.81,200,4432.42,15.81,-62.29,0.48
1.18,0.83,250,4400.19,15.77,-61.5,0.48
1.18,0.84,250,4400.19,15.77,-61.5,0.48
1.1,0.79,100,4398.17,15.77,-71.79,0.47
1.12,0.79,150,4397.43,15.77,-66.04,0.47
1.14,0.8,250,4368.96,15.74,-63.66,0.47
1.16,0.8,200,4360.63,15.73,-63.61,0.47
1.15,0.8,200,4360.63,15.73,-63.61,0.47
1.05,0.8,100,4352.01,15.73,-76.0,0.47
1.1,0.77,200,4338.0,15.71,-67.2,0.47
1.08,0.78,250,4336.41,15.71,-65.79,0.47
1.09,0.78,250,4336.41,15.71,-65.79,0.47
1.02,0.81,150,4326.03,15.7,-76.6,0.47
1.13,0.71,200,4288.64,15.66,-70.86,0.47
1.14,0.71,200,4288.64,15.66,-70.86,0.47
1.12,0.71,200,4288.64,15.66,-70.86,0.47
1.13,0.7,200,4288.64,15.66,-70.86,0.47
1.14,0.7,200,4288.64,15.66,-70.86,0.47
1.12,0.7,200,4288.64,15.66,-70.86,0.47
1.15,0.82,150,4275.93,15.65,-61.82,0.47
1.05,0.88,150,4268.3,15.64,-65.74,0.48
1.02,0.87,200,4262.31,15.63,-59.58,0.47
1.11,0.79,100,4260.49,15.63,-68.7,0.47
1.03,0.89,200,4252.88,15.63,-57.44,0.48
1.05,0.88,200,4246.6,15.62,-61.64,0.47
1.04,0.71,150,4238.48,15.61,-71.74,0.47
1.12,0.78,150,4233.62,15.61,-67.06,0.47
1.14,0.71,150,4230.03,15.6,-70.48,0.47
1.14,0.7,150,4230.03,15.6,-70.48,0.47
1.14,0.8,150,4222.19,15.59,-63.54,0.47
1.17,0.8,200,4221.01,15.59,-63.49,0.47
1.11,0.79,250,4220.45,15.59,-65.57,0.47
1.1,0.79,250,4220.45,15.59,-65.57,0.47
1.18,0.81,250,4212.06,15.58,-62.84,0.47
1.18,0.82,250,4212.06,15.58,-62.84,0.47
1.11,0.78,200,4201.18,15.57,-66.44,0.47
1.11,0.79,200,4201.18,15.57,-66.44,0.47
1.16,0.8,250,4199.96,15.57,-63.45,0.47
1.15,0.8,250,4199.96,15.57,-63.45,0.47
1.17,0.8,250,4199.96,15.57,-63.45,0.47
1.16,0.7,200,4191.75,15.56,-70.74,0.47
1.15,0.7,200,4191.75,15.56,-70.74,0.47
1.16,0.71,200,4191.75,15.56,-70.74,0.47
1.15,0.71,200,4191.75,15.56,-70.74,0.47
1.04,0.86,200,4168.64,15.54,-61.1,0.47
1.01,0.7,200,4161.71,15.53,-69.3,0.47
1.01,0.71,200,4161.71,15.53,-69.3,0.47
1.18,0.72,250,4158.59,15.53,-68.56,0.47
1.18,0.74,250,4158.59,15.53,-68.56,0.47
1.18,0.7,250,4158.59,15.53,-68.56,0.47
1.18,0.71,250,4158.59,15.53,-68.56,0.47
1.18,0.73,250,4158.59,15.53,-68.56,0.47
1.07,0.86,250,4152.82,15.52,-63.86,0.47
1.04,0.7,150,4150.73,15.52,-72.09,0.47
1.0,0.81,150,4145.83,15.51,-76.6,0.47
1.15,0.73,150,4139.91,15.51,-68.28,0.47
1.15,0.72,150,4139.91,15.51,-68.28,0.47
1.15,0.76,150,4139.91,15.51,-68.28,0.47
1.15,0.74,150,4139.91,15.51,-68.28,0.47
1.15,0.75,150,4139.91,15.51,-68.28,0.47
1.13,0.79,150,4139.73,15.51,-66.0,0.47
1.18,0.76,200,4131.8,15.5,-68.27,0.47
1.18,0.74,200,4131.8,15.5,-68.27,0.47
1.18,0.73,200,4131.8,15.5,-68.27,0.47
1.18,0.75,200,4131.8,15.5,-68.27,0.47
1.18,0.72,200,4131.8,15.5,-68.27,0.47
1.06,0.85,250,4127.91,15.5,-61.14,0.47
1.13,0.79,250,4124.8,15.49,-65.45,0.47
1.12,0.79,250,4124.8,15.49,-65.45,0.47
1.03,0.77,150,4116.64,15.48,-75.13,0.46
1.01,0.81,150,4110.4,15.48,-76.69,0.47
1.06,0.8,100,4098.78,15.47,-76.21,0.46
1.19,0.73,250,4095.34,15.46,-68.48,0.47
1.19,0.7,250,4095.34,15.46,-68.48,0.47
1.19,0.71,250,4095.34,15.46,-68.48,0.47
1.19,0.74,250,4095.34,15.46,-68.48,0.47
1.19,0.72,250,4095.34,15.46,-68.48,0.47
1.15,0.81,150,4095.2,15.46,-61.82,0.47
1.16,0.77,150,4070.14,15.43,-69.6,0.47
1.06,0.77,250,4069.13,15.43,-66.57,0.47
1.07,0.77,250,4069.13,15.43,-66.57,0.47
1.05,0.87,200,4063.3,15.43,-61.39,0.47
1.17,0.7,200,4059.31,15.42,-70.56,0.46
1.17,0.71,200,4059.31,15.42,-70.56,0.46
1.03,0.79,150,4052.84,15.42,-74.08,0.47
1.11,0.77,200,4045.64,15.41,-66.82,0.46
1.11,0.78,250,4042.12,15.4,-65.4,0.47
1.1,0.78,250,4042.12,15.4,-65.4,0.47
1.07,0.84,200,4039.75,15.4,-64.26,0.47
1.2,0.76,250,4039.51,15.4,-68.39,0.47
1.2,0.75,250,4039.51,15.4,-68.39,0.47
1.09,0.8,100,4027.33,15.39,-75.64,0.46
1.19,0.83,250,3995.85,15.35,-61.45,0.47
1.19,0.84,250,3995.85,15.35,-61.45,0.47
1.13,0.78,150,3986.86,15.35,-66.73,0.46
1.07,0.8,100,3972.63,15.33,-76.54,0.46
1.03,0.83,150,3952.5,15.31,-73.04,0.46
1.12,0.78,250,3950.91,15.31,-65.27,0.46
1.13,0.78,250,3950.91,15.31,-65.27,0.46
1.09,0.77,250,3936.23,15.29,-66.43,0.46
1.08,0.77,250,3936.23,15.29,-66.43,0.46
1.05,0.79,100,3929.31,15.28,-76.07,0.46
1.04,0.8,100,3921.87,15.27,-77.06,0.46
1.18,0.83,200,3918.5,15.27,-61.25,0.47
1.14,0.79,250,3918.05,15.27,-66.98,0.46
1.16,0.74,150,3912.64,15.26,-69.37,0.47
1.16,0.75,150,3912.64,15.26,-69.37,0.47
1.16,0.72,150,3912.64,15.26,-69.37,0.47
1.16,0.73,150,3912.64,15.26,-69.37,0.47
1.16,0.76,150,3912.64,15.26,-69.37,0.47
1.02,0.8,150,3896.57,15.25,-76.76,0.46
1.07,0.88,150,3893.67,15.24,-60.14,0.47
1.0,0.84,200,3869.84,15.22,-71.51,0.46
1.11,0.78,100,3867.42,15.21,-69.5,0.46
1.04,0.89,200,3859.36,15.2,-57.03,0.47
1.01,0.88,200,3857.59,15.2,-60.55,0.47
1.18,0.8,250,3843.2,15.19,-63.79,0.46
1.19,0.83,200,3843.01,15.19,-60.2,0.47
1.11,0.77,100,3832.07,15.17,-69.67,0.46
1.19,0.81,250,3827.06,15.17,-61.52,0.46
1.19,0.82,250,3827.06,15.17,-61.52,0.46
1.16,0.71,150,3813.99,15.15,-69.3,0.47
1.16,0.7,150,3813.99,15.15,-69.3,0.47
1.08,0.8,100,3799.87,15.14,-76.78,0.46
1.01,0.85,200,3785.99,15.12,-62.16,0.46
1.07,0.85,250,3785.34,15.12,-63.86,0.46
1.12,0.8,100,3776.69,15.11,-68.54,0.46
1.17,0.79,250,3768.8,15.1,-66.76,0.46
1.15,0.79,250,3768.8,15.1,-66.76,0.46
1.16,0.79,250,3768.8,15.1,-66.76,0.46
1.15,0.71,150,3755.89,15.09,-69.82,0.46
1.15,0.7,150,3755.89,15.09,-69.82,0.46
1.14,0.78,250,3753.74,15.08,-66.8,0.46
1.19,0.82,200,3751.83,15.08,-59.93,0.47
1.18,0.7,200,3748.61,15.08,-70.13,0.46
1.18,0.71,200,3748.61,15.08,-70.13,0.46
1.15,0.8,150,3745.74,15.08,-62.98,0.46
1.18,0.82,200,3745.7,15.08,-62.01,0.46
1.0,0.8,150,3736.92,15.07,-76.76,0.46
1.02,0.86,200,3736.14,15.06,-59.58,0.46
1.1,0.78,100,3728.2,15.06,-74.16,0.46
1.03,0.78,150,3721.06,15.05,-74.67,0.46
1.01,0.8,150,3705.38,15.03,-76.85,0.46
1.06,0.79,100,3703.24,15.03,-76.28,0.46
1.06,0.85,200,3683.65,15.0,-63.74,0.46
1.11,0.77,250,3672.01,14.99,-66.13,0.46
1.1,0.77,250,3672.01,14.99,-66.13,0.46
1.13,0.78,200,3672.01,14.99,-66.13,0.46
1.12,0.78,200,3672.01,14.99,-66.13,0.46
1.13,0.79,200,3672.01,14.99,-66.13,0.46
1.12,0.79,200,3672.01,14.99,-66.13,0.46
1.1,0.77,100,3668.04,14.99,-74.38,0.45
1.09,0.79,100,3662.07,14.98,-75.64,0.45
1.02,0.89,200,3657.32,14.97,-58.52,0.46
1.0,0.79,200,3656.27,14.97,-74.02,0.46
1.08,0.83,150,3644.38,14.96,-69.48,0.46
1.05,0.86,200,3638.31,14.95,-61.1,0.46
1.17,0.78,250,3611.4,14.92,-66.58,0.45
1.16,0.78,250,3611.4,14.92,-66.58,0.45
1.15,0.78,250,3611.4,14.92,-66.58,0.45
1.03,0.76,150,3601.26,14.91,-75.13,0.45
1.19,0.81,200,3594.01,14.9,-61.45,0.46
1.07,0.79,100,3590.62,14.89,-76.61,0.45
1.13,0.77,250,3590.1,14.89,-66.04,0.45
1.12,0.77,250,3590.1,14.89,-66.04,0.45
1.18,0.81,200,3589.9,14.89,-62.01,0.46
1.0,0.78,200,3581.94,14.88,-74.32,0.46
1.12,0.77,200,3538.91,14.83,-66.13,0.45
1.13,0.77,200,3538.91,14.83,-66.13,0.45
1.2,0.71,250,3530.97,14.82,-68.03,0.45
1.2,0.72,250,3530.97,14.82,-68.03,0.45
1.2,0.73,250,3530.97,14.82,-68.03,0.45
1.2,0.7,250,3530.97,14.82,-68.03,0.45
1.2,0.74,250,3530.97,14.82,-68.03,0.45
1.04,0.79,100,3515.39,14.8,-77.22,0.45
1.08,0.84,200,3510.36,14.8,-68.2,0.45
1.08,0.86,250,3507.53,14.79,-67.4,0.45
1.03,0.89,250,3500.55,14.78,-58.69,0.46
1.01,0.89,250,3498.71,14.78,-57.58,0.46
1.19,0.8,250,3497.36,14.78,-62.54,0.45
1.19,0.8,200,3494.96,14.78,-61.56,0.46
1.14,0.78,200,3490.32,14.77,-66.45,0.45
1.14,0.79,200,3490.32,14.77,-66.45,0.45
1.06,0.87,150,3489.51,14.77,-62.57,0.45
1.01,0.87,200,3489.05,14.77,-62.16,0.46
1.01,0.88,250,3480.46,14.76,-57.39,0.45
1.02,0.89,250,3456.86,14.73,-57.98,0.45
1.18,0.79,250,3453.6,14.73,-67.0,0.45
1.14,0.79,150,3443.59,14.71,-66.37,0.45
1.08,0.79,100,3436.35,14.7,-76.85,0.45
1.03,0.75,150,3435.16,14.7,-75.71,0.45
1.12,0.79,100,3432.66,14.7,-68.06,0.45
1.18,0.8,200,3422.46,14.69,-63.19,0.45
1.16,0.79,200,3413.07,14.68,-66.31,0.45
1.14,0.77,250,3413.07,14.68,-66.31,0.45
1.15,0.78,200,3413.07,14.68,-66.31,0.45
1.16,0.78,200,3413.07,14.68,-66.31,0.45
1.15,0.79,200,3413.07,14.68,-66.31,0.45
1.0,0.88,250,3391.35,14.65,-62.25,0.45
1.03,0.88,250,3388.88,14.65,-58.66,0.45
1.0,0.89,250,3375.27,14.63,-59.71,0.45
1.05,0.89,200,3372.86,14.62,-57.03,0.45
1.14,0.77,200,3364.93,14.61,-67.49,0.45
1.03,0.88,150,3353.28,14.6,-71.85,0.45
1.03,0.74,150,3332.83,14.57,-76.07,0.45
1.14,0.78,150,3320.18,14.56,-67.4,0.45
1.03,0.73,150,3313.32,14.55,-76.15,0.44
1.18,0.78,250,3310.79,14.55,-66.8,0.45
1.17,0.78,200,3307.48,14.54,-66.11,0.45
1.17,0.79,200,3307.48,14.54,-66.11,0.45
1.11,0.76,100,3300.71,14.53,-69.97,0.45
1.02,0.88,250,3300.65,14.53,-57.89,0.45
1.01,0.8,100,3294.78,14.52,-79.69,0.44
1.02,0.8,100,3294.78,14.52,-79.69,0.44
1.16,0.77,200,3290.93,14.52,-67.35,0.45
1.15,0.77,200,3290.93,14.52,-67.35,0.45
1.16,0.77,250,3285.23,14.51,-66.07,0.45
1.15,0.77,250,3285.23,14.51,-66.07,0.45
1.17,0.77,250,3285.23,14.51,-66.07,0.45
1.09,0.86,250,3272.54,14.5,-69.14,0.45
1.03,0.72,150,3261.18,14.48,-76.33,0.44
1.12,0.78,100,3260.62,14.48,-67.81,0.45
1.04,0.87,150,3254.8,14.47,-68.53,0.45
1.09,0.83,150,3249.33,14.47,-66.32,0.45
1.12,0.77,100,3245.14,14.46,-67.79,0.44
1.11,0.74,100,3234.06,14.45,-70.36,0.44
1.11,0.75,100,3234.06,14.45,-70.36,0.44
1.09,0.84,200,3213.53,14.42,-68.98,0.44
1.08,0.85,250,3204.57,14.41,-67.4,0.44
1.05,0.87,150,3198.97,14.4,-65.74,0.45
1.17,0.77,200,3189.76,14.39,-67.15,0.44
1.11,0.7,100,3157.61,14.34,-72.13,0.44
1.11,0.71,100,3153.46,14.34,-72.13,0.44
1.19,0.79,250,3147.53,14.33,-65.88,0.44
1.1,0.76,100,3130.56,14.31,-74.75,0.44
1.02,0.83,150,3129.67,14.31,-75.92,0.44
1.07,0.85,200,3129.02,14.3,-66.36,0.44
1.11,0.73,100,3113.68,14.28,-71.06,0.44
1.02,0.79,150,3110.75,14.28,-77.03,0.44
1.04,1.0,200,3108.93,14.28,-54.0,0.48
1.01,0.87,250,3103.72,14.27,-57.65,0.44
1.03,0.8,100,3077.66,14.23,-79.69,0.44
1.01,0.89,200,3076.17,14.23,-60.55,0.44
1.15,0.79,150,3065.59,14.22,-65.61,0.44
1.0,0.83,150,3063.57,14.21,-75.92,0.44
1.11,0.86,250,3058.05,14.21,-68.59,0.44
1.1,0.86,250,3058.05,14.21,-68.59,0.44
1.16,0.82,150,3051.33,14.2,-58.35,0.45
1.11,0.72,100,3045.13,14.19,-71.06,0.44
1.2,0.83,250,3037.13,14.18,-61.17,0.44
1.2,0.84,250,3037.13,14.18,-61.17,0.44
1.06,0.86,150,3030.5,14.17,-62.11,0.44
1.0,0.87,250,3026.78,14.16,-63.5,0.44
1.04,0.99,200,3025.4,14.16,-54.0,0.48
1.01,0.94,200,3024.16,14.16,-58.36,0.45
1.03,0.87,250,3023.02,14.16,-58.41,0.44
1.19,0.78,250,3018.89,14.15,-65.68,0.44
1.1,0.75,100,3017.36,14.15,-75.24,0.44
1.1,0.74,100,3017.36,14.15,-75.24,0.44
1.18,0.77,250,3015.19,14.15,-66.27,0.44
1.04,0.89,250,3008.13,14.14,-59.23,0.44
1.09,0.85,250,2993.13,14.12,-69.14,0.44
1.0,0.79,150,2988.62,14.11,-77.03,0.44
1.01,0.83,150,2980.65,14.1,-76.02,0.44
1.1,0.83,150,2977.12,14.09,-61.67,0.44
1.1,0.7,100,2964.6,14.07,-77.01,0.43
1.01,0.79,150,2964.17,14.07,-77.12,0.44
1.1,0.71,100,2958.69,14.07,-77.01,0.43
1.15,0.78,150,2957.98,14.07,-66.64,0.44
1.02,0.99,200,2951.0,14.06,-55.67,0.47
1.02,0.87,250,2945.88,14.05,-57.64,0.44
1.02,0.77,150,2939.42,14.04,-78.3,0.43
1.13,0.86,250,2935.37,14.03,-64.82,0.44
1.12,0.86,250,2935.37,14.03,-64.82,0.44
1.0,0.77,150,2933.4,14.03,-78.3,0.43
1.07,0.87,150,2927.31,14.02,-66.98,0.44
1.16,0.81,150,2924.51,14.02,-59.87,0.45
1.04,0.88,250,2915.01,14.0,-59.2,0.44
1.2,0.82,250,2914.02,14.0,-61.17,0.44
1.2,0.81,250,2914.02,14.0,-61.17,0.44
1.01,0.77,150,2909.59,14.0,-78.38,0.43
1.06,0.88,200,2909.25,13.99,-61.62,0.44
1.01,0.86,200,2902.2,13.98,-62.16,0.44
1.05,0.78,100,2900.57,13.98,-78.91,0.43
1.02,0.79,100,2886.73,13.96,-80.08,0.43
1.01,0.79,100,2886.73,13.96,-80.08,0.43
1.19,0.78,200,2877.81,13.95,-66.03,0.44
1.19,0.79,200,2877.81,13.95,-66.03,0.44
1.05,1.0,200,2865.63,13.93,-54.0,0.47
1.05,0.89,250,2863.75,13.93,-59.89,0.44
1.01,0.99,200,2861.46,13.92,-56.45,0.46
1.03,0.71,150,2858.94,13.92,-76.76,0.43
1.1,0.84,200,2844.03,13.9,-65.28,0.43
1.04,0.86,150,2831.98,13.88,-68.53,0.43
1.12,0.76,100,2819.38,13.86,-67.4,0.43
1.1,0.73,100,2812.87,13.85,-76.13,0.43
1.05,0.77,100,2811.35,13.85,-79.23,0.43
1.1,0.85,250,2799.99,13.83,-68.59,0.43
1.11,0.85,250,2799.99,13.83,-68.59,0.43
1.03,1.0,200,2797.97,13.83,-54.0,0.47
1.0,0.97,150,2797.52,13.83,-67.77,0.46
1.14,0.86,250,2794.47,13.82,-64.82,0.43
1.06,0.87,200,2790.75,13.82,-61.4,0.43
1.12,0.75,100,2790.16,13.82,-67.36,0.43
1.12,0.74,100,2790.16,13.82,-67.36,0.43
1.02,0.78,150,2785.36,13.81,-77.72,0.43
1.05,0.86,150,2784.26,13.81,-65.74,0.43
1.19,0.77,200,2776.37,13.8,-67.08,0.43
1.03,0.99,200,2776.18,13.8,-54.0,0.46
1.05,0.88,250,2776.0,13.8,-59.86,0.43
1.06,0.85,150,2766.27,13.78,-62.11,0.43
1.0,0.77,200,2765.96,13.78,-77.22,0.43
1.03,0.7,150,2757.79,13.77,-77.17,0.43
1.0,0.91,250,2757.0,13.77,-56.18,0.43
1.16,0.8,150,2755.88,13.77,-61.38,0.44
1.19,0.77,250,2752.83,13.76,-65.83,0.43
1.1,0.72,100,2751.74,13.76,-76.13,0.43
1.06,0.78,100,2741.84,13.74,-79.11,0.43
1.12,0.73,100,2737.38,13.74,-67.27,0.43
1.0,0.8,100,2735.18,13.73,-81.4,0.43
1.09,0.78,100,2735.01,13.73,-78.48,0.43
1.08,0.85,200,2732.57,13.73,-70.34,0.43
1.0,0.88,200,2731.47,13.73,-65.0,0.43
1.02,0.88,150,2701.84,13.68,-74.55,0.43
1.18,0.79,200,2701.24,13.68,-65.55,0.43
1.18,0.78,200,2701.24,13.68,-65.55,0.43
1.03,0.79,100,2700.36,13.68,-80.08,0.43
1.05,0.82,100,2690.03,13.66,-75.17,0.42
1.13,0.85,250,2688.83,13.66,-64.82,0.43
1.12,0.85,250,2688.83,13.66,-64.82,0.43
1.0,0.76,200,2688.26,13.66,-77.22,0.43
1.02,1.0,200,2681.16,13.65,-55.24,0.46
1.0,0.78,150,2679.32,13.65,-77.72,0.43
1.12,0.72,100,2678.27,13.64,-67.74,0.43
1.02,0.98,200,2676.95,13.64,-55.67,0.46
1.2,0.8,250,2676.51,13.64,-61.92,0.43
1.11,0.88,150,2674.87,13.64,-54.0,0.43
1.08,0.88,150,2672.73,13.64,-64.13,0.43
1.11,0.83,150,2667.85,13.63,-61.67,0.43
1.07,0.78,100,2662.79,13.62,-79.27,0.42
1.06,0.77,100,2658.4,13.61,-79.42,0.42
1.01,0.78,150,2657.85,13.61,-77.8,0.43
1.01,0.91,250,2654.71,13.61,-54.0,0.43
1.09,0.77,100,2651.86,13.6,-78.74,0.42
1.05,0.81,100,2650.85,13.6,-75.36,0.42
1.15,0.86,250,2649.23,13.6,-59.9,0.43
1.01,0.93,200,2647.69,13.6,-58.92,0.44
1.0,0.94,200,2641.06,13.59,-61.34,0.44
1.02,0.94,200,2634.61,13.58,-57.08,0.44
1.04,0.98,200,2634.57,13.58,-54.0,0.46
1.11,0.84,200,2627.98,13.57,-64.76,0.43
1.12,0.7,100,2618.13,13.55,-69.19,0.42
1.12,0.71,100,2615.99,13.55,-69.35,0.42
1.05,0.88,100,2613.36,13.54,-71.26,0.43
1.04,0.87,250,2608.47,13.53,-58.94,0.43
1.18,0.77,200,2608.45,13.53,-66.24,0.42
1.17,0.77,150,2606.57,13.53,-67.22,0.43
1.01,0.82,100,2601.31,13.52,-78.17,0.42
1.02,0.76,150,2600.58,13.52,-78.3,0.42
1.0,0.76,150,2595.81,13.51,-78.3,0.42
1.04,0.85,150,2588.98,13.5,-68.53,0.42
1.04,0.82,100,2584.45,13.49,-76.1,0.42
1.04,0.97,150,2582.81,13.49,-64.4,0.45
1.07,0.77,100,2582.23,13.49,-79.51,0.42
1.04,0.78,100,2581.58,13.49,-80.09,0.42
1.01,0.76,150,2575.23,13.48,-78.38,0.42
1.0,0.99,200,2572.76,13.48,-57.55,0.45
1.01,0.98,200,2571.28,13.47,-56.45,0.45
1.03,0.98,200,2567.17,13.47,-54.0,0.45
1.01,0.92,200,2564.69,13.46,-58.92,0.43
1.14,0.85,250,2561.98,13.46,-64.82,0.42
1.09,0.88,150,2559.37,13.45,-61.71,0.43
1.0,0.75,200,2556.86,13.45,-77.83,0.42
1.0,0.74,200,2556.86,13.45,-77.83,0.42
1.08,0.78,100,2554.23,13.45,-79.45,0.42
1.07,0.86,150,2552.48,13.44,-66.52,0.42
1.09,0.88,100,2550.83,13.44,-71.16,0.43
1.05,0.85,150,2545.91,13.43,-65.74,0.42
1.03,0.97,150,2534.76,13.41,-65.77,0.45
1.1,0.88,150,2531.83,13.41,-56.55,0.43
1.06,0.86,200,2516.79,13.38,-61.14,0.42
1.17,0.76,150,2511.88,13.38,-66.93,0.43
1.17,0.72,150,2511.88,13.38,-66.93,0.43
1.17,0.74,150,2511.88,13.38,-66.93,0.43
1.17,0.73,150,2511.88,13.38,-66.93,0.43
1.17,0.75,150,2511.88,13.38,-66.93,0.43
1.2,0.73,200,2511.88,13.38,-66.93,0.43
1.2,0.72,200,2511.88,13.38,-66.93,0.43
1.2,0.74,200,2511.88,13.38,-66.93,0.43
1.2,0.75,200,2511.88,13.38,-66.93,0.43
1.2,0.76,200,2511.88,13.38,-66.93,0.43
1.04,0.77,100,2503.99,13.36,-80.37,0.42
1.05,0.99,200,2502.03,13.36,-54.0,0.45
1.04,0.81,100,2498.04,13.35,-76.49,0.42
1.05,0.87,250,2486.7,13.33,-59.6,0.42
1.0,0.73,200,2480.31,13.32,-78.19,0.42
1.08,0.77,100,2477.59,13.32,-79.68,0.42
1.03,0.94,200,2469.83,13.3,-54.0,0.43
1.2,0.7,200,2451.91,13.27,-66.81,0.43
1.2,0.71,200,2451.91,13.27,-66.81,0.43
1.17,0.7,150,2451.91,13.27,-66.81,0.43
1.17,0.71,150,2451.91,13.27,-66.81,0.43
1.1,0.81,100,2446.42,13.26,-71.24,0.42
1.1,0.82,100,2446.42,13.26,-71.24,0.42
1.01,0.88,100,2433.13,13.24,-74.35,0.42
1.15,0.85,250,2430.61,13.24,-59.9,0.42
1.17,0.86,250,2428.65,13.23,-55.91,0.42
1.16,0.86,250,2428.65,13.23,-55.91,0.42
1.02,0.97,200,2427.42,13.23,-56.02,0.44
1.0,0.98,200,2425.96,13.23,-57.55,0.44
1.2,0.79,250,2420.77,13.22,-64.07,0.42
1.16,0.79,150,2411.87,13.21,-64.57,0.42
1.06,0.82,100,2408.83,13.2,-75.4,0.41
1.04,0.94,200,2406.69,13.2,-54.0,0.43
1.12,0.88,150,2405.09,13.19,-54.0,0.42
1.09,0.85,200,2403.28,13.19,-71.2,0.42
1.03,0.91,250,2402.17,13.19,-54.0,0.42
1.12,0.83,150,2401.44,13.19,-61.6,0.42
1.01,1.0,200,2395.6,13.18,-55.59,0.45
1.02,0.91,250,2395.03,13.18,-54.0,0.42
1.02,0.75,150,2391.63,13.17,-79.02,0.41
1.0,0.97,200,2390.51,13.17,-58.26,0.44
1.0,0.75,150,2387.49,13.16,-79.03,0.41
1.0,0.88,150,2383.71,13.16,-74.56,0.42
1.01,0.9,200,2383.12,13.15,-59.74,0.42
1.06,0.89,250,2380.97,13.15,-60.1,0.42
1.01,0.81,100,2377.66,13.15,-79.15,0.41
1.06,0.81,100,2374.49,13.14,-75.58,0.41
1.01,0.75,150,2368.88,13.13,-79.1,0.41
1.05,0.76,100,2364.62,13.12,-79.76,0.41
1.07,0.88,200,2360.34,13.11,-64.48,0.42
1.03,0.9,200,2356.69,13.11,-54.0,0.42
1.0,0.72,200,2353.07,13.1,-78.78,0.41
1.0,0.79,100,2343.69,13.09,-81.89,0.41
1.0,0.87,200,2342.18,13.08,-67.56,0.42
1.02,0.9,200,2341.72,13.08,-57.99,0.42
1.02,0.92,200,2341.03,13.08,-57.45,0.42
1.07,0.82,100,2340.85,13.08,-75.76,0.41
1.0,0.82,100,2340.11,13.08,-79.68,0.41
1.11,0.81,100,2339.5,13.08,-67.17,0.41
1.11,0.82,100,2339.5,13.08,-67.17,0.41
1.07,0.85,150,2337.07,13.07,-66.52,0.41
1.0,0.88,100,2330.76,13.06,-75.59,0.41
1.0,0.93,200,2330.49,13.06,-62.51,0.43
1.03,0.87,150,2328.35,13.06,-72.1,0.41
1.16,0.78,150,2327.87,13.06,-65.62,0.42
1.2,0.78,250,2325.76,13.05,-63.85,0.41
1.0,0.94,250,2324.68,13.05,-54.0,0.42
1.02,0.82,100,2323.66,13.05,-78.17,0.41
1.12,0.84,200,2318.37,13.04,-63.66,0.41
1.02,0.93,200,2315.68,13.04,-57.45,0.43
1.06,0.88,250,2311.11,13.03,-60.06,0.41
1.07,0.81,100,2307.69,13.02,-75.93,0.41
1.0,0.85,200,2305.48,13.02,-67.65,0.41
1.02,0.88,100,2303.6,13.01,-74.35,0.41
1.01,0.97,200,2291.88,12.99,-56.8,0.43
1.02,0.97,150,2290.99,12.99,-67.76,0.44
1.0,0.89,200,2285.31,12.98,-65.0,0.41
1.03,0.92,200,2283.48,12.98,-54.0,0.42
1.13,0.88,150,2280.77,12.97,-54.0,0.42
1.13,0.83,150,2272.15,12.96,-61.57,0.41
1.11,0.87,150,2272.09,12.96,-54.0,0.42
1.02,0.74,150,2270.21,12.95,-79.46,0.41
1.07,0.87,200,2268.17,12.95,-64.26,0.41
1.05,0.87,100,2267.9,12.95,-71.87,0.41
1.0,0.74,150,2266.41,12.95,-79.46,0.41
1.01,0.88,150,2265.32,12.94,-74.67,0.41
1.06,0.89,200,2263.01,12.94,-56.58,0.41
1.02,0.73,150,2257.56,12.93,-79.51,0.41
1.0,0.73,150,2253.78,12.92,-79.51,0.41
1.03,0.97,200,2252.39,12.92,-54.0,0.43
1.01,0.74,150,2248.94,12.91,-79.53,0.41
1.08,0.82,100,2247.5,12.91,-76.02,0.41
1.06,0.76,100,2240.8,12.9,-79.94,0.41
1.01,0.73,150,2236.42,12.89,-79.58,0.41
1.09,0.76,100,2235.75,12.89,-79.18,0.41
1.0,0.9,250,2233.18,12.88,-57.17,0.41
1.17,0.85,250,2230.84,12.88,-55.97,0.41
1.16,0.85,250,2230.84,12.88,-55.97,0.41
1.08,0.81,100,2215.94,12.85,-76.19,0.41
1.09,0.82,100,2215.2,12.85,-74.97,0.41
1.09,0.81,100,2215.2,12.85,-74.97,0.41
1.09,0.87,100,2210.54,12.84,-71.77,0.41
1.03,0.93,200,2206.42,12.83,-54.0,0.42
1.13,0.84,200,2195.75,12.81,-61.67,0.41
1.01,0.9,250,2192.35,12.81,-54.16,0.41
1.02,0.72,150,2191.96,12.81,-79.74,0.41
1.05,0.75,100,2189.91,12.8,-80.51,0.41
1.0,0.72,150,2188.37,12.8,-79.74,0.41
1.04,0.93,200,2184.56,12.79,-54.0,0.42
1.06,0.88,100,2181.77,12.79,-71.57,0.41
1.04,0.89,150,2181.39,12.79,-66.8,0.41
1.03,0.82,100,2179.77,12.78,-78.29,0.4
1.07,0.76,100,2179.14,12.78,-79.94,0.41
1.05,0.74,100,2177.77,12.78,-80.57,0.41
1.04,0.88,100,2176.61,12.78,-72.31,0.41
1.18,0.86,250,2173.76,12.77,-55.85,0.41
1.01,0.72,150,2171.63,12.77,-79.81,0.41
1.01,0.97,150,2165.64,12.76,-67.95,0.43
1.07,0.89,250,2161.55,12.75,-63.08,0.41
1.03,0.88,100,2158.04,12.74,-74.87,0.41
1.0,0.92,200,2150.8,12.73,-62.51,0.41
1.0,0.93,250,2145.82,12.72,-54.0,0.41
1.05,0.98,200,2141.68,12.71,-54.0,0.43
1.1,0.85,200,2139.58,12.71,-67.53,0.4
1.2,0.77,250,2129.8,12.69,-65.44,0.4
1.02,0.81,100,2128.8,12.69,-79.15,0.4
1.01,0.87,100,2121.23,12.67,-74.84,0.4
1.07,0.88,100,2119.8,12.67,-72.05,0.41
1.05,0.97,150,2118.57,12.67,-62.9,0.43
1.04,0.76,100,2115.93,12.66,-80.84,0.4
1.06,0.89,150,2102.94,12.63,-59.13,0.41
1.07,0.88,250,2099.69,12.63,-63.04,0.4
1.08,0.76,100,2094.29,12.62,-80.07,0.4
1.04,0.91,250,2085.94,12.6,-54.0,0.41
1.09,0.75,100,2079.49,12.59,-79.77,0.4
1.09,0.74,100,2079.49,12.59,-79.77,0.4
1.06,0.87,250,2079.43,12.59,-59.79,0.4
1.04,0.97,200,2078.69,12.59,-54.0,0.43
1.06,0.75,100,2077.22,12.58,-80.67,0.4
1.1,0.88,100,2076.56,12.58,-68.06,0.41
1.02,0.78,100,2075.48,12.58,-82.7,0.4
1.01,0.78,100,2075.48,12.58,-82.7,0.4
1.1,0.87,150,2075.28,12.58,-61.42,0.4
1.08,0.88,200,2074.89,12.58,-68.84,0.4
1.0,0.95,250,2065.92,12.56,-54.0,0.41
1.06,0.74,100,2065.82,12.56,-80.73,0.4
1.09,0.7,100,2061.3,12.55,-83.02,0.4
1.07,0.86,200,2055.45,12.54,-63.99,0.4
1.01,0.94,250,2052.7,12.53,-54.0,0.41
1.09,0.71,100,2052.11,12.53,-83.02,0.4
1.12,0.87,150,2050.68,12.53,-54.0,0.4
1.08,0.87,150,2050.54,12.53,-70.09,0.4
1.03,0.86,150,2045.06,12.52,-72.1,0.4
1.09,0.87,150,2041.04,12.51,-66.87,0.4
1.05,0.89,150,2039.39,12.51,-64.55,0.4
1.0,0.87,100,2036.96,12.5,-76.11,0.4
1.11,0.88,100,2034.35,12.5,-64.64,0.41
1.0,0.81,100,2032.65,12.49,-80.96,0.4
1.0,0.96,150,2032.26,12.49,-68.69,0.42
1.05,0.94,200,2027.64,12.48,-54.0,0.41
1.05,0.7,100,2027.41,12.48,-83.75,0.4
1.08,0.88,100,2023.5,12.48,-72.4,0.4
1.04,0.9,200,2021.32,12.47,-54.0,0.41
1.07,0.75,100,2021.1,12.47,-80.67,0.4
1.05,0.71,100,2018.55,12.47,-83.75,0.4
1.03,0.9,250,2017.0,12.46,-54.18,0.4
1.02,0.77,100,2016.4,12.46,-82.89,0.4
1.01,0.77,100,2016.4,12.46,-82.89,0.4
1.04,0.95,200,2013.42,12.46,-54.0,0.41
1.02,0.87,100,2011.12,12.45,-74.84,0.4
1.07,0.74,100,2010.07,12.45,-80.73,0.4
1.14,0.84,200,2001.79,12.43,-61.67,0.4
1.0,0.7,200,2001.18,12.43,-79.57,0.4
1.0,0.71,200,2001.18,12.43,-79.57,0.4
1.18,0.85,250,2001.15,12.43,-55.85,0.4
1.03,0.81,100,1999.78,12.43,-79.15,0.4
1.02,0.9,250,1999.72,12.43,-54.11,0.4
1.08,0.87,200,1996.28,12.42,-68.61,0.4
1.11,0.86,150,1993.17,12.41,-54.0,0.4
1.02,1.0,250,1982.96,12.39,-54.0,0.42
1.19,0.86,250,1973.76,12.37,-55.83,0.4
1.01,0.93,250,1966.85,12.36,-54.0,0.4
1.04,0.96,150,1965.73,12.36,-64.84,0.42
1.04,0.92,200,1959.27,12.34,-54.0,0.41
1.04,0.75,100,1954.66,12.33,-81.53,0.39
1.03,0.78,100,1950.96,12.33,-82.7,0.39
1.13,0.87,150,1948.55,12.32,-54.0,0.4
1.01,0.91,200,1944.33,12.31,-59.76,0.4
1.08,0.75,100,1943.84,12.31,-80.75,0.39
1.08,0.74,100,1933.32,12.29,-80.8,0.39
1.04,0.74,100,1929.14,12.28,-81.65,0.39
1.06,0.7,100,1925.58,12.27,-83.85,0.39
1.07,0.7,100,1925.58,12.27,-83.85,0.39
1.06,0.71,100,1917.04,12.25,-83.85,0.39
1.07,0.71,100,1917.04,12.25,-83.85,0.39
1.0,0.92,250,1915.54,12.25,-54.14,0.4
1.03,0.96,150,1912.07,12.24,-66.46,0.42
1.13,0.8,100,1907.91,12.23,-64.68,0.4
1.15,0.84,200,1907.35,12.23,-61.6,0.4
1.16,0.84,200,1907.35,12.23,-61.6,0.4
1.06,0.87,100,1904.4,12.23,-72.16,0.39
1.04,0.87,100,1902.72,12.22,-72.87,0.39
1.05,0.91,250,1901.58,12.22,-54.0,0.4
1.03,0.95,200,1897.33,12.21,-54.0,0.41
1.03,0.77,100,1896.35,12.21,-82.89,0.39
1.03,1.0,250,1896.33,12.21,-54.0,0.42
1.07,0.87,250,1893.93,12.2,-62.77,0.39
1.11,0.85,200,1892.07,12.2,-67.1,0.39
1.02,0.71,150,1890.13,12.2,-80.22,0.39
1.03,0.87,100,1888.53,12.19,-75.34,0.39
1.0,0.71,150,1887.22,12.19,-80.21,0.39
1.14,0.83,150,1886.56,12.19,-61.45,0.39
1.03,0.85,150,1883.16,12.18,-72.1,0.39
1.0,0.93,100,1882.58,12.18,-72.29,0.4
1.03,0.89,150,1880.11,12.17,-69.6,0.4
1.05,0.73,100,1878.45,12.17,-81.83,0.39
1.08,0.7,100,1876.33,12.17,-83.9,0.39
1.12,0.82,100,1874.57,12.16,-63.35,0.39
1.12,0.81,100,1874.57,12.16,-63.35,0.39
1.01,0.71,150,1873.26,12.16,-80.27,0.39
1.08,0.71,100,1867.95,12.15,-83.9,0.39
1.06,1.0,200,1861.4,12.13,-54.0,0.42
1.05,0.93,200,1855.3,12.12,-54.0,0.4
1.0,0.95,150,1854.95,12.12,-69.03,0.4
1.07,0.87,100,1852.31,12.11,-72.62,0.39
1.0,0.9,200,1850.51,12.11,-63.76,0.39
1.14,0.88,150,1849.01,12.11,-54.0,0.39
1.07,0.89,200,1848.16,12.1,-59.58,0.39
1.06,0.97,150,1844.62,12.1,-59.13,0.42
1.02,0.87,150,1843.94,12.09,-74.76,0.39
1.05,0.72,100,1840.44,12.09,-81.83,0.39
1.01,1.0,250,1834.86,12.07,-54.0,0.41
1.1,0.87,100,1833.07,12.07,-68.57,0.39
1.11,0.85,150,1832.9,12.07,-54.0,0.39
1.1,0.86,150,1826.6,12.06,-60.94,0.39
1.15,0.88,150,1823.04,12.05,-54.0,0.39
1.19,0.85,250,1820.25,12.04,-55.83,0.39
1.08,0.86,200,1815.04,12.03,-68.33,0.39
1.11,0.87,100,1809.4,12.02,-65.05,0.39
1.0,0.86,200,1808.95,12.02,-67.65,0.39
1.08,0.86,150,1807.46,12.01,-69.6,0.39
1.02,0.91,200,1806.68,12.01,-57.83,0.39
1.12,0.86,150,1805.08,12.01,-54.0,0.39
1.1,0.88,200,1801.12,12.0,-66.11,0.39
1.09,0.86,150,1798.11,11.99,-66.38,0.39
1.09,0.73,100,1797.2,11.99,-80.99,0.39
1.13,0.88,200,1791.68,11.98,-54.0,0.39
1.03,0.91,200,1787.49,11.97,-54.0,0.39
1.06,0.73,100,1785.6,11.96,-81.97,0.39
1.04,0.84,150,1782.53,11.96,-68.84,0.39
1.09,0.88,200,1773.99,11.94,-69.83,0.39
1.08,0.87,100,1771.08,11.93,-72.96,0.39
1.0,0.89,150,1768.42,11.92,-72.68,0.39
1.01,0.92,250,1766.77,11.92,-54.74,0.39
1.17,0.84,200,1763.58,11.91,-61.5,0.39
1.02,0.7,150,1762.88,11.91,-80.9,0.38
1.04,0.9,250,1762.81,11.91,-54.0,0.39
1.09,0.72,100,1761.22,11.91,-80.99,0.38
1.0,0.7,150,1760.32,11.9,-80.83,0.38
1.04,0.7,100,1760.19,11.9,-84.54,0.38
1.02,0.94,250,1758.83,11.9,-54.0,0.39
1.06,0.84,150,1758.16,11.9,-62.18,0.38
1.19,0.73,150,1758.02,11.9,-64.63,0.4
1.19,0.72,150,1758.02,11.9,-64.63,0.4
1.19,0.75,150,1758.02,11.9,-64.63,0.4
1.19,0.77,150,1758.02,11.9,-64.63,0.4
1.19,0.71,150,1758.02,11.9,-64.63,0.4
1.19,0.7,150,1758.02,11.9,-64.63,0.4
1.19,0.76,150,1758.02,11.9,-64.63,0.4
1.19,0.74,150,1758.02,11.9,-64.63,0.4
1.0,0.91,100,1757.71,11.9,-73.26,0.39
1.04,0.71,100,1752.3,11.89,-84.54,0.38
1.13,0.78,100,1752.19,11.89,-66.13,0.39
1.13,0.79,100,1752.19,11.89,-66.13,0.39
1.13,0.77,100,1752.19,11.89,-66.13,0.39
1.06,0.72,100,1749.92,11.88,-81.97,0.38
1.0,0.96,250,1748.53,11.88,-54.0,0.39
1.02,0.89,150,1748.29,11.88,-72.67,0.39
1.01,0.7,150,1747.54,11.88,-80.9,0.38
1.09,0.86,100,1741.08,11.86,-73.77,0.39
1.07,0.73,100,1739.37,11.86,-81.97,0.38
1.05,0.97,200,1737.13,11.85,-54.0,0.4
1.1,0.87,200,1735.22,11.85,-65.87,0.38
1.07,0.89,150,1734.92,11.85,-55.22,0.39
1.02,0.91,100,1726.0,11.82,-72.63,0.39
1.13,0.87,200,1725.91,11.82,-54.0,0.39
1.0,0.94,150,1725.67,11.82,-70.15,0.39
1.02,0.76,100,1721.8,11.81,-83.22,0.38
1.01,0.76,100,1721.8,11.81,-83.22,0.38
1.13,0.86,150,1718.25,11.81,-54.0,0.39
1.05,1.0,250,1715.24,11.8,-54.0,0.41
1.09,0.87,200,1709.69,11.79,-69.59,0.38
1.05,0.95,200,1708.77,11.78,-54.0,0.39
1.2,0.83,200,1706.69,11.78,-55.53,0.39
1.02,0.96,150,1706.69,11.78,-68.67,0.4
1.02,0.93,250,1705.08,11.77,-54.0,0.39
1.07,0.72,100,1704.84,11.77,-81.97,0.38
1.02,0.95,200,1703.52,11.77,-57.08,0.39
1.01,0.93,100,1695.19,11.75,-70.98,0.39
1.0,0.92,150,1694.25,11.75,-71.06,0.39
1.01,0.91,100,1692.61,11.75,-72.63,0.38
1.05,0.96,150,1692.55,11.75,-63.19,0.4
1.02,0.99,250,1689.6,11.74,-54.0,0.4
1.04,1.0,250,1689.51,11.74,-54.0,0.4
1.0,0.98,150,1689.2,11.74,-67.46,0.4
1.2,0.82,200,1684.68,11.73,-55.32,0.39
1.1,0.85,150,1684.05,11.72,-60.94,0.38
1.0,0.94,100,1683.49,11.72,-71.51,0.39
1.01,0.89,150,1683.13,11.72,-72.81,0.38
1.08,0.73,100,1675.64,11.7,-82.03,0.38
1.01,0.95,200,1674.63,11.7,-58.36,0.39
1.04,0.73,100,1672.17,11.7,-82.75,0.38
1.08,0.85,150,1668.58,11.69,-69.6,0.38
1.05,0.86,100,1667.71,11.69,-73.85,0.38
1.12,0.85,150,1664.17,11.68,-54.0,0.38
1.12,0.85,200,1660.15,11.67,-66.2,0.38
1.09,0.85,150,1659.02,11.66,-66.38,0.38
1.0,0.78,100,1655.97,11.66,-84.15,0.38
1.05,0.9,200,1654.91,11.65,-54.0,0.38
1.08,0.89,250,1649.72,11.64,-67.01,0.38
1.15,0.83,150,1649.28,11.64,-61.08,0.38
1.18,0.77,150,1648.8,11.64,-63.89,0.39
1.01,0.95,250,1648.67,11.64,-54.0,0.39
1.14,0.88,200,1642.89,11.62,-54.0,0.38
1.08,0.72,100,1642.7,11.62,-82.03,0.38
1.04,0.72,100,1639.32,11.62,-82.75,0.38
1.02,0.86,150,1633.89,11.6,-74.76,0.38
1.0,0.99,250,1628.82,11.59,-54.0,0.39
1.17,0.88,200,1628.29,11.59,-54.0,0.38
1.18,0.72,150,1626.24,11.58,-63.74,0.39
1.18,0.74,150,1626.24,11.58,-63.74,0.39
1.18,0.73,150,1626.24,11.58,-63.74,0.39
1.18,0.76,150,1626.24,11.58,-63.74,0.39
1.18,0.75,150,1626.24,11.58,-63.74,0.39
1.03,0.76,100,1624.17,11.58,-83.22,0.38
1.2,0.81,200,1623.12,11.58,-56.77,0.39
1.05,0.84,150,1620.53,11.57,-65.95,0.38
1.05,0.9,250,1614.5,11.55,-54.0,0.38
1.0,0.91,200,1614.06,11.55,-65.18,0.38
1.02,0.98,150,1613.23,11.55,-66.78,0.4
1.0,0.77,100,1612.49,11.55,-84.3,0.37
1.18,0.71,150,1611.73,11.55,-63.67,0.39
1.18,0.7,150,1611.73,11.55,-63.67,0.39
1.0,0.95,200,1607.36,11.54,-61.12,0.39
1.04,0.98,150,1606.98,11.53,-63.76,0.4
1.08,0.88,250,1606.37,11.53,-66.98,0.38
1.05,0.92,200,1605.5,11.53,-54.0,0.38
1.03,0.98,150,1602.76,11.52,-65.01,0.4
1.04,0.92,150,1602.56,11.52,-66.0,0.38
1.01,0.96,150,1596.84,11.51,-68.85,0.39
1.2,0.8,200,1595.86,11.51,-56.85,0.39
1.14,0.87,150,1593.89,11.5,-54.0,0.38
1.15,0.87,150,1589.28,11.49,-54.0,0.38
1.08,0.89,200,1588.67,11.49,-63.98,0.38
1.01,0.99,250,1586.75,11.48,-54.0,0.39
1.13,0.85,150,1586.22,11.48,-54.0,0.38
1.03,0.94,250,1586.0,11.48,-54.0,0.38
1.03,0.84,150,1585.25,11.48,-72.48,0.37
1.14,0.87,200,1584.22,11.48,-54.0,0.38
1.1,0.86,200,1583.37,11.48,-65.58,0.37
1.02,0.89,100,1582.28,11.47,-74.35,0.38
1.01,0.94,150,1580.05,11.47,-70.3,0.39
1.16,0.88,200,1576.42,11.46,-54.0,0.38
1.0,0.93,150,1576.0,11.46,-70.46,0.38
1.01,0.75,100,1575.59,11.46,-83.8,0.37
1.02,0.75,100,1575.59,11.46,-83.8,0.37
1.13,0.86,200,1574.2,11.45,-54.0,0.38
1.15,0.88,200,1572.38,11.45,-54.0,0.38
1.17,0.87,200,1570.33,11.44,-54.0,0.38
1.13,0.85,200,1569.98,11.44,-54.0,0.37
1.02,0.92,250,1568.2,11.44,-54.0,0.38
1.09,0.86,200,1561.68,11.42,-69.3,0.37
1.13,0.74,100,1557.21,11.41,-68.84,0.37
1.13,0.75,100,1557.21,11.41,-68.84,0.37
1.13,0.76,100,1557.21,11.41,-68.84,0.37
1.13,0.73,100,1557.21,11.41,-68.84,0.37
1.0,0.87,150,1554.59,11.4,-74.77,0.37
1.01,0.92,150,1552.62,11.4,-71.2,0.38
1.04,0.91,200,1549.84,11.39,-54.0,0.38
1.01,0.98,150,1547.96,11.38,-67.64,0.39
1.11,0.86,100,1546.29,11.38,-66.38,0.37
1.03,0.93,250,1545.04,11.38,-54.0,0.38
1.11,0.88,200,1539.42,11.36,-65.73,0.37
1.0,0.99,150,1539.24,11.36,-69.33,0.39
1.03,0.99,250,1531.97,11.34,-54.0,0.39
1.06,0.99,200,1529.91,11.34,-54.0,0.39
1.02,0.93,100,1529.72,11.34,-70.98,0.38
1.13,0.72,100,1527.5,11.33,-69.34,0.37
1.1,0.86,100,1524.0,11.32,-70.24,0.37
1.16,0.87,200,1520.91,11.31,-54.0,0.37
1.02,0.74,100,1518.33,11.31,-84.03,0.37
1.01,0.74,100,1518.33,11.31,-84.03,0.37
1.15,0.87,200,1517.06,11.3,-54.0,0.37
1.02,0.85,150,1514.62,11.3,-74.76,0.37
1.01,0.89,100,1513.26,11.29,-74.35,0.37
1.07,0.84,150,1512.21,11.29,-66.29,0.37
1.07,1.0,200,1511.4,11.29,-54.0,0.4
1.02,0.96,200,1510.75,11.29,-56.5,0.38
1.17,0.89,250,1508.35,11.28,-54.0,0.37
1.01,0.85,100,1508.31,11.28,-76.42,0.37
1.0,0.89,100,1505.2,11.27,-75.59,0.37
1.16,0.89,250,1504.55,11.27,-54.0,0.37
1.06,0.96,150,1502.4,11.26,-59.13,0.39
1.17,0.89,200,1498.74,11.25,-54.0,0.37
1.2,0.86,250,1495.91,11.25,-55.67,0.37
1.12,0.88,100,1493.26,11.24,-61.0,0.38
1.03,0.75,100,1488.79,11.23,-83.8,0.37
1.03,0.95,250,1486.97,11.22,-54.0,0.38
1.09,0.89,250,1486.71,11.22,-68.92,0.37
1.11,0.87,200,1485.9,11.22,-65.47,0.37
1.17,0.82,150,1485.79,11.22,-54.17,0.38
1.01,0.87,150,1485.58,11.22,-74.88,0.37
1.03,0.92,150,1476.77,11.19,-68.3,0.37
1.18,0.84,200,1476.47,11.19,-61.25,0.37
1.18,0.88,200,1474.47,11.19,-54.0,0.37
1.17,0.88,250,1469.44,11.17,-54.0,0.37
1.05,0.95,250,1467.49,11.17,-54.0,0.38
1.16,0.88,250,1465.78,11.17,-54.0,0.37
1.08,0.87,250,1460.88,11.15,-66.68,0.37
1.06,0.86,100,1460.09,11.15,-74.11,0.37
1.06,0.91,250,1457.17,11.14,-54.0,0.37
1.16,0.89,200,1452.27,11.13,-54.0,0.37
1.0,0.96,100,1452.14,11.13,-70.34,0.38
1.03,0.96,200,1451.82,11.13,-54.0,0.38
1.01,0.86,100,1449.83,11.12,-76.42,0.36
1.09,0.88,250,1449.21,11.12,-68.88,0.37
1.14,0.86,200,1449.03,11.12,-54.0,0.37
1.0,0.85,100,1448.91,11.12,-77.79,0.36
1.15,0.89,200,1448.66,11.12,-54.0,0.37
1.01,0.93,150,1446.98,11.11,-70.6,0.37
1.0,0.9,100,1446.49,11.11,-73.64,0.37
1.14,0.85,200,1440.59,11.1,-54.48,0.37
1.04,0.91,150,1440.05,11.09,-66.8,0.37
1.03,0.92,250,1438.6,11.09,-54.0,0.37
1.0,0.95,100,1438.01,11.09,-70.95,0.37
1.17,0.86,200,1436.78,11.09,-54.0,0.37
1.04,0.95,250,1436.61,11.08,-54.0,0.37
1.02,0.85,100,1436.49,11.08,-76.42,0.36
1.13,0.7,100,1436.44,11.08,-70.72,0.37
1.13,0.71,100,1435.86,11.08,-70.87,0.37
1.03,0.74,100,1435.66,11.08,-84.03,0.36
1.17,0.81,150,1433.67,11.08,-55.83,0.37
1.19,0.84,200,1432.08,11.07,-54.69,0.37
1.02,0.9,100,1430.73,11.07,-72.91,0.37
1.18,0.87,200,1423.68,11.05,-54.0,0.37
1.07,0.86,100,1423.39,11.05,-74.51,0.36
1.01,0.94,100,1422.64,11.05,-70.38,0.37
1.01,0.96,250,1421.46,11.04,-54.0,0.37
1.02,0.95,250,1419.94,11.04,-54.0,0.37
1.13,0.89,200,1417.76,11.03,-54.0,0.37
1.14,0.86,150,1416.75,11.03,-54.0,0.36
1.06,1.0,250,1414.09,11.02,-54.0,0.38
1.0,0.84,150,1413.19,11.02,-75.24,0.36
1.15,0.86,150,1412.81,11.02,-54.0,0.37
1.02,0.92,150,1409.15,11.01,-71.04,0.37
1.0,0.96,200,1407.95,11.0,-59.17,0.37
1.14,0.89,200,1407.57,11.0,-54.0,0.37
1.1,0.89,250,1405.38,11.0,-68.45,0.36
1.01,0.9,100,1405.35,11.0,-72.91,0.36
1.0,0.9,150,1404.6,10.99,-72.68,0.36
1.0,0.86,100,1400.42,10.98,-77.79,0.36
1.02,0.84,150,1399.94,10.98,-75.24,0.36
1.0,0.76,100,1396.87,10.97,-84.55,0.36
1.04,0.99,250,1395.21,10.97,-54.0,0.38
1.08,0.86,100,1394.82,10.97,-74.8,0.36
1.05,0.92,150,1394.55,10.97,-64.0,0.37
1.19,0.89,250,1393.48,10.96,-54.0,0.36
1.16,0.86,200,1393.01,10.96,-54.0,0.36
1.04,0.95,150,1390.16,10.95,-65.01,0.37
1.15,0.86,200,1389.63,10.95,-54.0,0.36
1.2,0.85,250,1389.05,10.95,-55.67,0.36
1.0,0.86,150,1387.67,10.95,-74.77,0.36
1.02,0.94,150,1386.99,10.94,-70.13,0.37
1.16,0.85,200,1382.39,10.93,-54.09,0.36
1.02,0.86,100,1381.69,10.93,-76.42,0.36
1.0,0.92,100,1379.18,10.92,-73.41,0.37
1.15,0.85,200,1379.09,10.92,-54.09,0.36
1.01,0.96,200,1378.91,10.92,-57.76,0.37
1.04,0.93,150,1378.05,10.92,-65.61,0.37
1.0,0.97,250,1377.45,10.92,-54.0,0.37
1.04,0.9,150,1375.14,10.91,-66.8,0.36
1.04,0.96,200,1374.69,10.91,-54.0,0.37
1.02,0.96,250,1374.45,10.91,-54.0,0.37
1.2,0.79,200,1373.39,10.91,-61.08,0.37
1.2,0.78,200,1373.39,10.91,-61.08,0.37
1.04,0.85,100,1371.24,10.9,-74.72,0.36
1.1,0.88,250,1370.77,10.9,-68.41,0.36
1.18,0.89,250,1370.7,10.9,-54.0,0.36
1.17,0.8,150,1364.13,10.88,-57.48,0.37
1.04,0.94,150,1363.6,10.88,-65.61,0.37
1.11,0.86,200,1362.74,10.87,-65.17,0.36
1.05,0.85,100,1361.61,10.87,-73.85,0.36
1.12,0.88,200,1360.93,10.87,-64.92,0.36
1.18,0.89,200,1360.84,10.87,-54.0,0.36
1.19,0.88,250,1358.63,10.86,-54.0,0.36
1.03,0.85,100,1357.92,10.86,-76.85,0.36
1.01,0.95,150,1352.91,10.85,-69.19,0.37
1.12,0.87,100,1350.89,10.84,-61.29,0.36
1.01,0.84,150,1346.87,10.83,-75.35,0.36
1.02,0.99,150,1346.83,10.83,-67.19,0.38
1.03,0.96,250,1345.96,10.83,-54.0,0.37
1.01,0.99,150,1343.87,10.82,-68.48,0.37
1.01,0.9,150,1341.81,10.81,-72.81,0.36
1.01,0.95,100,1339.52,10.81,-69.89,0.37
1.17,0.87,250,1339.32,10.81,-54.0,0.36
1.12,0.89,250,1337.17,10.8,-64.49,0.36
1.18,0.88,250,1336.73,10.8,-54.0,0.36
1.16,0.87,250,1336.14,10.8,-54.0,0.36
1.2,0.77,200,1332.61,10.79,-62.12,0.36
1.02,0.73,100,1331.5,10.78,-84.77,0.36
1.01,0.73,100,1331.5,10.78,-84.77,0.36
1.01,0.86,150,1328.54,10.77,-74.88,0.36
1.0,0.91,150,1326.82,10.77,-72.6,0.36
1.03,0.9,150,1326.2,10.77,-69.6,0.36
1.06,0.98,200,1323.85,10.76,-54.0,0.37
1.02,0.9,150,1323.49,10.76,-72.67,0.36
1.09,0.87,250,1322.81,10.76,-68.58,0.36
1.06,0.92,150,1321.05,10.75,-59.13,0.36
1.03,0.93,150,1316.79,10.74,-67.79,0.36
1.12,0.87,200,1315.79,10.74,-64.64,0.36
1.14,0.85,150,1315.55,10.73,-54.0,0.36
1.04,0.86,100,1314.16,10.73,-74.72,0.35
1.15,0.85,150,1312.01,10.72,-54.0,0.36
1.11,0.89,250,1311.99,10.72,-68.45,0.36
1.03,0.94,150,1311.17,10.72,-67.59,0.36
1.05,0.98,150,1310.84,10.72,-62.37,0.37
1.03,0.95,150,1308.82,10.71,-66.69,0.37
1.04,0.94,250,1308.56,10.71,-54.0,0.36
1.02,0.93,150,1307.74,10.71,-70.44,0.36
1.02,0.72,100,1307.17,10.71,-84.77,0.35
1.01,0.72,100,1307.17,10.71,-84.77,0.35
1.03,0.86,100,1306.97,10.71,-76.85,0.35
1.18,0.86,200,1306.73,10.71,-54.0,0.36
1.12,0.88,250,1304.7,10.7,-64.46,0.35
1.05,0.99,250,1300.2,10.69,-54.0,0.37
1.08,1.0,200,1296.61,10.68,-54.0,0.38
1.17,0.85,200,1295.75,10.67,-54.0,0.35
1.04,0.99,150,1295.6,10.67,-62.79,0.37
1.04,0.96,250,1295.57,10.67,-54.0,0.36
1.02,0.95,150,1293.06,10.67,-69.01,0.36
1.13,0.89,250,1292.67,10.67,-64.49,0.35
1.01,0.84,100,1291.21,10.66,-76.66,0.35
1.05,0.91,200,1289.46,10.66,-54.0,0.36
1.05,0.91,150,1288.31,10.65,-64.55,0.36
1.0,0.85,150,1285.37,10.64,-74.77,0.35
1.15,0.89,250,1284.32,10.64,-59.31,0.35
1.11,0.88,250,1280.69,10.63,-68.41,0.35
1.05,0.94,150,1271.34,10.6,-63.73,0.36
1.06,0.94,200,1271.3,10.6,-54.0,0.36
1.07,0.91,250,1269.21,10.59,-54.0,0.35
1.0,0.75,100,1267.43,10.59,-85.06,0.35
1.03,0.73,100,1262.7,10.57,-84.77,0.35
1.13,0.88,250,1261.77,10.57,-64.46,0.35
1.05,0.95,150,1260.79,10.57,-63.31,0.36
1.03,0.91,150,1260.01,10.56,-69.6,0.36
1.19,0.88,200,1258.38,10.56,-54.0,0.36
1.03,0.99,150,1257.5,10.56,-65.33,0.37
1.06,0.9,250,1255.9,10.55,-54.0,0.35
1.01,0.92,100,1255.37,10.55,-72.2,0.36
1.1,0.87,250,1253.84,10.54,-68.1,0.35
1.15,0.88,250,1253.57,10.54,-59.28,0.35
1.02,0.7,100,1252.87,10.54,-86.25,0.35
1.01,0.7,100,1252.87,10.54,-86.25,0.35
1.05,0.96,250,1250.28,10.53,-56.49,0.36
1.05,0.94,250,1249.23,10.53,-54.0,0.36
1.02,0.71,100,1246.83,10.52,-86.25,0.35
1.01,0.71,100,1246.83,10.52,-86.25,0.35
1.06,0.91,150,1244.9,10.52,-59.13,0.35
1.19,0.89,200,1242.75,10.51,-54.0,0.36
1.19,0.87,250,1241.87,10.51,-54.0,0.35
1.07,0.99,200,1240.41,10.5,-54.0,0.37
1.03,0.72,100,1240.1,10.5,-84.77,0.35
1.04,0.93,250,1238.35,10.5,-54.0,0.35
1.14,0.89,250,1237.59,10.49,-64.49,0.35
1.0,0.84,100,1233.62,10.48,-78.18,0.35
1.02,0.84,100,1232.95,10.48,-76.66,0.35
1.01,0.85,150,1232.35,10.48,-74.88,0.35
1.19,0.87,200,1231.62,10.47,-54.0,0.35
1.07,0.97,150,1228.62,10.46,-55.22,0.37
1.03,0.7,100,1226.88,10.46,-86.25,0.35
1.01,0.91,150,1225.27,10.45,-72.72,0.35
1.02,0.94,100,1223.56,10.45,-70.38,0.35
1.18,0.87,250,1222.75,10.45,-54.0,0.35
1.17,0.79,150,1222.07,10.44,-60.98,0.35
1.03,0.71,100,1220.95,10.44,-86.25,0.35
1.16,0.83,150,1220.12,10.44,-54.0,0.36
1.11,0.84,150,1219.02,10.43,-61.67,0.35
1.12,0.86,200,1212.07,10.41,-64.31,0.35
1.14,0.88,250,1208.64,10.4,-64.46,0.35
1.05,0.9,150,1208.25,10.4,-64.55,0.35
1.06,0.94,150,1196.03,10.36,-59.13,0.35
1.12,0.87,250,1195.21,10.36,-64.16,0.34
1.12,0.86,100,1193.7,10.35,-62.21,0.35
1.02,0.98,250,1192.17,10.35,-54.0,0.36
1.04,0.84,100,1191.84,10.35,-74.84,0.34
1.0,0.74,100,1190.59,10.34,-85.37,0.34
1.18,0.85,200,1189.35,10.34,-54.0,0.34
1.05,0.84,100,1188.49,10.33,-73.91,0.34
1.05,0.96,200,1188.43,10.33,-54.0,0.36
1.01,0.96,100,1187.75,10.33,-69.25,0.35
1.17,0.78,150,1187.55,10.33,-62.12,0.35
1.01,0.83,100,1183.71,10.32,-77.08,0.34
1.06,0.93,200,1183.24,10.32,-54.0,0.35
1.03,0.91,100,1178.67,10.3,-73.22,0.35
1.11,0.87,250,1174.63,10.29,-68.1,0.34
1.08,0.89,150,1173.45,10.28,-56.86,0.34
1.02,0.97,250,1172.41,10.28,-54.0,0.35
1.03,0.84,100,1169.88,10.27,-77.08,0.34
1.06,0.95,250,1169.44,10.27,-54.0,0.35
1.06,0.9,150,1168.9,10.27,-59.13,0.34
1.01,0.97,250,1167.6,10.27,-54.0,0.35
1.09,0.89,200,1161.93,10.25,-63.29,0.34
1.04,0.92,250,1161.0,10.24,-54.0,0.34
1.02,0.91,150,1158.63,10.23,-72.59,0.35
1.13,0.87,250,1157.44,10.23,-64.16,0.34
1.16,0.88,150,1156.22,10.23,-54.0,0.35
1.02,0.95,100,1151.98,10.21,-69.89,0.35
1.19,0.86,200,1151.47,10.21,-54.0,0.34
1.15,0.87,250,1149.94,10.21,-58.99,0.34
1.03,0.97,250,1149.61,10.2,-54.0,0.35
1.02,0.92,100,1145.83,10.19,-72.2,0.35
1.07,1.0,250,1144.21,10.19,-54.0,0.36
1.06,0.95,150,1138.45,10.17,-59.13,0.35
1.0,0.98,250,1138.39,10.17,-54.0,0.35
1.1,0.84,150,1135.23,10.16,-61.67,0.34
1.2,0.89,250,1134.29,10.15,-54.0,0.34
1.05,0.93,150,1133.84,10.15,-63.73,0.34
1.02,0.83,100,1132.19,10.14,-77.08,0.34
1.08,0.84,150,1130.05,10.14,-69.06,0.34
1.12,0.84,150,1122.65,10.11,-61.6,0.34
1.09,0.84,150,1122.07,10.11,-66.03,0.34
1.1,0.89,200,1118.76,10.1,-58.72,0.34
1.0,0.83,100,1117.82,10.1,-78.76,0.34
1.05,0.83,100,1116.28,10.09,-73.99,0.34
1.06,0.97,200,1114.68,10.08,-54.0,0.35
1.06,0.99,250,1114.52,10.08,-54.0,0.35
1.03,0.98,250,1112.92,10.08,-54.0,0.35
1.04,0.83,100,1112.88,10.08,-75.01,0.34
1.14,0.87,250,1110.73,10.07,-64.16,0.34
1.2,0.88,250,1108.69,10.06,-54.0,0.34
1.01,0.98,250,1106.61,10.06,-54.0,0.34
1.07,0.9,250,1103.7,10.05,-54.0,0.34
1.06,0.85,100,1100.92,10.04,-74.11,0.34
1.05,0.93,250,1099.91,10.03,-54.0,0.34
1.04,0.97,250,1099.91,10.03,-54.0,0.34
1.09,0.85,100,1097.7,10.02,-73.77,0.34
1.07,0.98,200,1096.79,10.02,-54.0,0.35
1.06,0.96,250,1091.34,10.0,-55.39,0.34
1.04,0.91,100,1091.05,10.0,-71.3,0.34
1.05,0.99,150,1082.87,9.97,-60.96,0.35
1.1,0.89,150,1082.1,9.97,-54.0,0.34
1.08,0.99,200,1082.09,9.97,-54.0,0.35
1.13,0.84,150,1078.0,9.95,-61.57,0.33
1.07,0.85,100,1076.7,9.95,-74.51,0.33
1.03,0.83,100,1076.66,9.95,-77.44,0.33
1.07,0.92,150,1070.69,9.93,-55.22,0.34
1.06,0.93,150,1070.41,9.93,-59.13,0.34
1.03,0.93,100,1067.59,9.92,-71.64,0.34
1.07,0.94,200,1066.26,9.91,-54.0,0.34
1.09,0.89,150,1063.78,9.9,-54.0,0.33
1.07,0.95,250,1063.7,9.9,-54.0,0.34
1.05,0.91,100,1062.4,9.9,-70.61,0.33
1.13,0.81,100,1061.56,9.9,-62.46,0.33
1.13,0.82,100,1061.56,9.9,-62.46,0.33
1.11,0.89,150,1061.55,9.9,-54.0,0.34
1.0,0.73,100,1060.63,9.89,-85.89,0.33
1.06,0.9,200,1057.32,9.88,-54.0,0.33
1.19,0.85,200,1053.71,9.87,-54.0,0.33
1.06,0.95,200,1049.6,9.85,-54.0,0.34
1.16,0.87,150,1049.58,9.85,-54.0,0.34
1.05,0.97,250,1049.38,9.85,-54.0,0.34
1.06,0.98,150,1048.88,9.85,-58.92,0.34
1.09,0.84,100,1047.34,9.84,-73.77,0.33
1.0,0.72,100,1043.07,9.83,-85.89,0.33
1.03,0.89,100,1042.03,9.82,-74.87,0.33
1.04,0.98,250,1038.82,9.81,-54.0,0.34
1.07,0.96,150,1036.02,9.8,-55.22,0.34
1.05,0.92,250,1035.55,9.8,-54.0,0.33
1.2,0.87,250,1025.23,9.76,-54.0,0.33
1.06,0.92,200,1015.27,9.72,-54.0,0.33
1.07,0.91,150,1014.86,9.72,-55.22,0.33
1.06,0.94,250,1014.66,9.72,-54.0,0.33
1.03,0.9,100,1011.19,9.71,-73.49,0.33
1.07,0.93,200,998.89,9.66,-54.0,0.33
1.04,0.93,100,998.68,9.66,-70.0,0.33
1.07,0.96,250,995.9,9.65,-55.39,0.33
1.09,0.83,100,991.35,9.63,-73.77,0.32
1.11,0.85,100,989.51,9.62,-66.38,0.32
1.18,0.82,150,988.76,9.62,-54.0,0.34
1.16,0.86,150,984.65,9.61,-54.0,0.33
1.05,0.98,250,982.65,9.6,-54.0,0.33
1.08,0.85,100,982.2,9.6,-74.8,0.32
1.1,0.85,100,981.76,9.59,-70.24,0.32
1.06,0.84,100,974.4,9.57,-74.16,0.32
1.08,0.98,200,971.15,9.55,-54.0,0.33
1.11,0.89,200,964.97,9.53,-58.73,0.32
1.07,0.94,150,964.66,9.53,-55.22,0.33
1.04,0.9,100,961.14,9.51,-71.44,0.32
1.12,0.89,150,960.89,9.51,-54.0,0.33
1.07,0.97,200,960.16,9.51,-54.0,0.33
1.18,0.81,150,959.71,9.51,-54.0,0.33
1.05,0.93,100,954.87,9.49,-69.24,0.33
1.07,0.84,100,954.51,9.49,-74.56,0.32
1.11,0.84,100,954.11,9.49,-66.38,0.32
1.09,1.0,200,953.33,9.48,-54.0,0.34
1.05,0.89,100,950.36,9.47,-71.26,0.32
1.12,0.89,200,948.13,9.46,-57.87,0.32
1.05,0.9,100,946.23,9.45,-70.67,0.32
1.1,0.84,100,939.34,9.43,-70.24,0.32
1.07,0.94,250,932.1,9.4,-54.0,0.32
1.18,0.8,150,925.99,9.37,-55.13,0.33
1.16,0.85,150,924.77,9.37,-54.0,0.32
1.07,0.99,250,923.7,9.36,-54.0,0.33
1.14,0.84,150,922.99,9.36,-61.45,0.32
1.07,0.9,150,922.27,9.36,-55.22,0.32
1.06,0.83,100,921.42,9.35,-74.25,0.32
1.15,0.84,150,920.93,9.35,-61.08,0.32
1.06,0.97,250,920.18,9.35,-54.0,0.32
1.08,0.94,200,918.26,9.34,-54.0,0.32
1.06,0.99,150,917.52,9.34,-57.72,0.33
1.07,0.9,200,909.92,9.31,-54.0,0.32
1.11,0.83,100,908.96,9.3,-66.38,0.31
1.07,0.83,100,903.31,9.28,-74.64,0.31
1.04,0.89,100,899.2,9.26,-72.31,0.31
1.0,0.7,100,897.21,9.25,-87.21,0.31
1.07,0.95,200,895.81,9.25,-54.0,0.32
1.19,0.82,150,894.32,9.24,-54.0,0.32
1.1,0.83,100,892.17,9.23,-70.24,0.31
1.0,0.71,100,892.16,9.23,-87.21,0.31
1.08,0.84,100,890.8,9.22,-74.85,0.31
1.08,1.0,250,885.15,9.2,-54.0,0.32
1.02,0.96,100,883.95,9.2,-69.25,0.32
1.07,0.93,150,880.91,9.18,-55.22,0.31
1.07,0.98,150,880.08,9.18,-55.11,0.32
1.06,0.93,250,879.94,9.18,-54.22,0.31
1.08,0.91,250,876.69,9.16,-54.0,0.31
1.07,0.92,200,870.16,9.14,-54.0,0.31
1.19,0.81,150,869.68,9.13,-54.09,0.32
1.08,0.93,200,865.59,9.12,-54.0,0.31
1.06,0.98,250,863.62,9.11,-54.0,0.32
1.18,0.79,150,855.52,9.07,-58.3,0.31
1.06,0.91,200,853.29,9.06,-55.2,0.31
1.13,0.88,100,852.47,9.06,-55.93,0.31
1.03,0.92,100,848.28,9.04,-72.82,0.31
1.08,0.83,100,845.26,9.03,-74.93,0.31
1.03,0.95,100,845.19,9.03,-70.61,0.31
1.19,0.8,150,844.37,9.02,-55.63,0.32
1.07,0.91,100,841.9,9.01,-71.43,0.31
1.04,0.92,100,837.87,8.99,-71.3,0.31
1.06,0.92,250,835.77,8.98,-55.46,0.31
1.18,0.78,150,835.72,8.98,-59.32,0.31
1.03,0.94,100,831.93,8.97,-71.07,0.31
1.06,0.96,200,826.31,8.94,-54.0,0.31
1.07,0.95,150,825.99,8.94,-55.22,0.31
1.09,0.99,200,824.25,8.93,-54.0,0.31
1.05,0.92,100,819.03,8.91,-70.61,0.31
1.08,0.96,250,814.59,8.89,-54.0,0.31
1.08,0.97,200,814.52,8.89,-54.0,0.31
1.07,0.97,250,811.15,8.87,-54.0,0.31
1.06,0.91,100,809.39,8.87,-70.93,0.3
1.09,0.91,250,806.02,8.85,-54.0,0.3
1.17,0.88,150,806.02,8.85,-54.0,0.31
1.17,0.91,250,804.92,8.84,-54.0,0.3
1.12,0.85,100,801.72,8.83,-62.21,0.3
1.13,0.87,100,801.22,8.83,-55.93,0.31
1.07,0.93,250,792.75,8.79,-54.22,0.3
1.19,0.79,150,790.22,8.78,-58.93,0.31
1.2,0.84,200,787.26,8.76,-54.0,0.3
1.08,0.95,250,786.06,8.76,-54.0,0.3
1.08,0.9,250,785.18,8.75,-54.11,0.3
1.0,0.97,100,784.83,8.75,-69.19,0.3
1.17,0.9,250,783.83,8.75,-54.0,0.3
1.09,1.0,250,782.97,8.74,-54.0,0.31
1.08,0.9,200,781.41,8.73,-54.0,0.3
1.07,0.99,150,779.8,8.73,-54.83,0.31
1.08,0.95,200,778.54,8.72,-54.0,0.3
1.12,0.84,100,777.67,8.72,-62.21,0.3
1.07,0.89,100,776.3,8.71,-72.05,0.3
1.1,0.96,250,775.97,8.71,-54.0,0.3
1.19,0.78,150,773.08,8.69,-59.97,0.3
1.16,0.84,150,770.17,8.68,-54.0,0.3
1.07,0.9,100,766.83,8.66,-71.49,0.3
1.08,0.92,200,765.66,8.66,-54.0,0.3
1.1,0.91,250,764.51,8.65,-54.0,0.29
1.06,0.93,100,760.45,8.63,-69.59,0.3
1.09,0.98,200,760.2,8.63,-54.0,0.3
1.08,0.99,250,757.68,8.62,-54.0,0.3
1.07,0.92,250,756.41,8.61,-55.46,0.29
1.19,0.91,250,756.04,8.61,-54.0,0.3
1.18,0.91,250,753.05,8.6,-54.0,0.29
1.08,0.89,100,752.71,8.6,-72.4,0.29
1.12,0.83,100,752.61,8.6,-62.21,0.29
1.09,0.96,250,751.83,8.59,-54.0,0.3
1.09,0.94,200,751.21,8.59,-54.0,0.3
1.08,0.97,150,750.65,8.59,-54.0,0.3
1.08,0.92,150,749.34,8.58,-54.0,0.29
1.17,0.87,150,748.61,8.58,-54.0,0.3
1.13,0.86,100,746.3,8.56,-55.93,0.3
1.09,0.89,100,746.11,8.56,-71.16,0.29
1.07,0.91,200,745.42,8.56,-55.71,0.29
1.1,0.95,250,744.94,8.56,-54.0,0.29
1.07,0.93,100,743.4,8.55,-70.13,0.29
1.19,0.9,250,742.41,8.55,-54.0,0.29
1.16,0.91,250,742.33,8.54,-54.0,0.29
1.2,0.89,200,741.47,8.54,-54.0,0.3
1.1,1.0,250,740.39,8.54,-54.0,0.3
1.06,0.9,100,739.77,8.53,-70.99,0.29
1.09,0.91,100,739.31,8.53,-70.85,0.3
1.07,0.96,200,739.29,8.53,-54.0,0.29
1.07,0.98,250,738.43,8.53,-54.0,0.3
1.04,0.94,100,737.46,8.52,-69.6,0.29
1.04,0.95,100,736.23,8.51,-69.21,0.29
1.06,0.89,100,735.37,8.51,-71.57,0.29
1.18,0.9,250,734.51,8.51,-54.0,0.29
1.08,0.91,100,733.1,8.5,-71.79,0.29
1.2,0.88,200,732.74,8.5,-54.0,0.3
1.09,0.9,250,727.63,8.47,-55.67,0.29
1.09,0.95,250,727.56,8.47,-54.0,0.29
1.11,0.92,150,726.89,8.47,-54.0,0.3
1.2,0.87,200,725.07,8.46,-54.0,0.29
1.17,0.83,150,724.41,8.45,-54.0,0.29
1.16,0.9,250,722.51,8.45,-54.0,0.29
1.08,0.91,150,719.54,8.43,-54.0,0.29
1.09,0.93,200,714.96,8.41,-54.92,0.29
1.17,0.86,150,712.47,8.39,-54.0,0.29
1.11,0.91,150,711.13,8.39,-54.0,0.29
1.01,1.0,150,708.17,8.37,-66.52,0.29
1.08,0.94,250,707.82,8.37,-55.57,0.29
1.12,0.92,150,703.98,8.35,-54.0,0.29
1.1,1.0,200,698.79,8.32,-54.0,0.29
1.08,0.94,150,698.49,8.32,-54.0,0.29
1.03,0.96,100,695.95,8.31,-69.99,0.29
1.2,0.86,200,695.48,8.31,-54.0,0.29
1.1,0.9,250,693.76,8.3,-54.45,0.28
1.09,0.9,100,693.23,8.29,-70.85,0.29
1.1,0.92,150,692.5,8.29,-56.0,0.29
1.12,0.91,150,692.21,8.29,-54.0,0.29
1.11,0.96,250,684.64,8.25,-55.53,0.28
1.09,0.92,150,682.23,8.24,-55.08,0.28
1.06,0.92,100,681.72,8.23,-70.93,0.28
1.08,0.97,250,681.44,8.23,-54.0,0.28
1.09,0.99,250,681.31,8.23,-54.0,0.29
1.17,0.85,150,679.24,8.22,-54.0,0.29
1.11,0.91,250,676.95,8.21,-57.75,0.28
1.08,0.9,100,676.73,8.21,-71.86,0.28
1.1,0.91,150,675.49,8.2,-56.08,0.28
1.1,0.94,250,674.47,8.19,-54.75,0.28
1.13,0.94,200,673.93,8.19,-54.0,0.29
1.03,1.0,150,673.42,8.19,-63.64,0.29
1.08,0.91,200,671.94,8.18,-55.32,0.28
1.07,0.92,100,671.71,8.18,-71.43,0.28
1.04,1.0,150,671.6,8.18,-61.51,0.29
1.08,0.96,150,669.4,8.17,-54.0,0.28
1.15,0.91,250,668.63,8.16,-54.0,0.28
1.09,0.97,200,662.97,8.13,-54.0,0.28
1.11,0.94,150,662.46,8.13,-54.0,0.29
1.11,0.95,250,660.79,8.12,-55.53,0.28
1.09,0.94,250,660.5,8.12,-56.05,0.28
1.08,0.9,150,659.69,8.11,-54.0,0.28
1.2,0.91,250,659.46,8.11,-54.0,0.28
1.09,0.91,150,659.29,8.11,-55.23,0.28
1.05,0.95,100,658.97,8.11,-68.76,0.28
1.2,0.85,200,658.73,8.11,-54.0,0.28
1.1,0.94,200,658.64,8.11,-55.24,0.28
1.08,0.93,100,658.54,8.11,-70.53,0.28
1.12,0.94,150,656.42,8.1,-54.0,0.29
1.1,0.99,250,655.16,8.09,-54.0,0.28
1.04,0.96,100,653.99,8.08,-68.54,0.28
1.1,0.97,250,653.93,8.08,-54.0,0.28
1.02,1.0,150,651.28,8.07,-65.35,0.28
1.05,0.94,100,650.33,8.06,-69.05,0.28
1.2,0.9,250,649.28,8.06,-54.0,0.28
1.08,0.96,200,649.09,8.06,-54.0,0.28
1.09,0.92,200,647.17,8.05,-56.99,0.28
1.09,0.95,200,646.32,8.04,-54.0,0.28
1.08,0.93,150,644.67,8.03,-54.0,0.28
1.13,0.93,200,644.65,8.03,-54.0,0.28
1.11,0.9,150,642.48,8.02,-54.0,0.27
1.15,0.9,250,639.07,8.0,-54.0,0.27
1.13,0.89,150,637.93,7.99,-54.0,0.28
1.09,0.97,250,637.7,7.99,-54.0,0.28
1.12,0.9,150,636.32,7.98,-54.0,0.27
1.05,0.96,100,633.83,7.97,-68.07,0.28
1.05,1.0,150,632.98,7.97,-60.03,0.28
1.09,0.94,150,632.67,7.96,-54.0,0.27
1.12,0.96,250,632.49,7.96,-57.85,0.27
1.08,0.98,250,631.52,7.96,-54.0,0.27
1.11,1.0,250,631.29,7.96,-54.0,0.28
1.1,0.93,200,631.26,7.96,-57.01,0.27
1.09,0.9,200,629.65,7.95,-54.0,0.27
1.1,0.99,200,628.24,7.94,-54.0,0.28
1.08,0.93,250,626.42,7.93,-55.72,0.27
1.12,0.91,250,626.33,7.93,-59.88,0.27
1.11,0.9,250,622.22,7.9,-58.38,0.27
1.1,0.94,150,620.46,7.89,-54.0,0.27
1.1,0.9,150,618.2,7.88,-54.0,0.27
1.0,0.98,100,614.2,7.86,-67.63,0.27
1.12,0.95,250,612.6,7.85,-57.85,0.27
1.09,0.93,100,611.84,7.84,-69.5,0.27
1.1,0.89,100,610.21,7.83,-68.06,0.27
1.13,0.92,200,609.6,7.83,-54.0,0.27
1.01,0.97,100,609.14,7.83,-68.9,0.27
1.08,0.92,100,608.08,7.82,-71.79,0.27
1.08,0.92,250,607.83,7.82,-56.55,0.27
1.11,0.93,150,606.95,7.82,-54.0,0.27
1.11,0.94,250,606.32,7.81,-59.11,0.27
1.12,0.93,150,605.53,7.81,-54.0,0.27
1.11,0.89,100,605.48,7.81,-64.64,0.27
1.09,0.9,150,603.13,7.79,-54.0,0.27
1.08,0.98,150,602.98,7.79,-54.0,0.27
1.1,0.93,250,602.4,7.79,-54.75,0.27
1.1,0.91,100,598.22,7.76,-67.8,0.27
1.17,0.84,150,597.75,7.76,-54.0,0.27
1.1,0.98,200,594.03,7.74,-54.0,0.27
1.18,0.88,150,593.82,7.74,-54.0,0.28
1.11,0.91,100,592.54,7.73,-64.43,0.27
1.09,0.93,250,590.82,7.72,-56.2,0.26
1.11,0.94,200,589.87,7.71,-55.91,0.26
1.12,0.9,250,589.24,7.71,-60.46,0.26
1.11,1.0,200,588.9,7.71,-54.0,0.27
1.1,0.92,250,588.85,7.71,-55.19,0.26
1.09,0.91,200,588.08,7.7,-58.1,0.26
1.09,0.93,150,584.28,7.68,-54.0,0.26
1.06,1.0,150,583.89,7.68,-56.74,0.27
1.09,0.97,150,582.96,7.67,-54.0,0.27
1.13,0.96,250,582.83,7.67,-57.85,0.26
1.13,0.9,200,582.51,7.67,-54.0,0.26
1.11,0.97,250,582.22,7.67,-54.0,0.26
1.13,0.92,150,580.98,7.66,-54.0,0.27
1.09,0.98,250,580.45,7.66,-54.0,0.26
1.1,0.92,200,580.37,7.66,-58.89,0.26
1.08,0.95,150,579.25,7.65,-54.0,0.26
1.13,0.91,250,579.0,7.65,-59.88,0.26
1.14,0.89,150,578.74,7.65,-54.0,0.26
1.18,0.83,150,576.6,7.63,-54.0,0.27
1.1,0.93,150,575.52,7.63,-54.0,0.26
1.09,0.92,250,574.91,7.62,-57.02,0.26
1.09,0.92,100,574.66,7.62,-70.85,0.26
1.13,0.91,150,574.64,7.62,-54.0,0.27
1.12,0.94,200,574.11,7.62,-55.59,0.26
1.14,0.91,250,572.8,7.61,-57.36,0.26
1.1,0.9,100,571.83,7.6,-67.8,0.26
1.11,0.99,250,571.52,7.6,-54.0,0.26
1.13,0.91,200,569.6,7.59,-54.0,0.26
1.11,0.93,200,569.13,7.59,-57.65,0.26
1.18,0.87,150,568.58,7.58,-54.0,0.27
1.12,0.94,250,567.07,7.57,-61.14,0.26
1.13,0.95,250,566.78,7.57,-57.85,0.26
1.13,0.85,100,566.74,7.57,-61.66,0.26
1.11,0.9,100,566.67,7.57,-64.43,0.26
1.1,0.98,250,563.41,7.55,-54.0,0.26
1.19,0.88,150,563.38,7.55,-54.0,0.27
1.08,0.99,150,563.35,7.55,-54.0,0.26
1.1,0.95,200,561.31,7.54,-54.0,0.26
1.12,0.97,150,560.53,7.53,-54.0,0.27
1.1,0.9,200,558.6,7.52,-54.14,0.26
1.12,1.0,250,557.77,7.52,-54.0,0.26
1.13,0.84,100,557.36,7.51,-61.66,0.26
1.13,0.97,150,556.32,7.51,-54.0,0.27
1.09,0.96,200,556.06,7.51,-54.0,0.26
1.12,0.93,200,554.77,7.5,-57.34,0.26
1.18,0.86,150,553.93,7.49,-54.0,0.26
1.11,0.97,150,552.71,7.48,-54.0,0.26
1.1,0.97,200,551.88,7.48,-54.0,0.26
1.11,0.93,250,550.73,7.47,-59.11,0.25
1.13,0.94,150,550.69,7.47,-54.0,0.26
1.07,1.0,150,549.12,7.46,-54.72,0.26
1.13,0.9,250,548.79,7.46,-60.46,0.25
1.16,0.94,200,547.68,7.45,-54.0,0.26
1.15,0.94,200,547.12,7.45,-54.0,0.26
1.13,0.83,100,545.74,7.44,-61.66,0.25
1.1,0.97,150,545.37,7.44,-54.0,0.26
1.13,0.9,150,544.94,7.44,-54.0,0.25
1.11,0.99,200,544.55,7.43,-54.0,0.26
1.19,0.87,150,544.5,7.43,-54.0,0.26
1.14,0.9,250,544.38,7.43,-58.0,0.25
1.14,0.94,200,543.63,7.43,-54.0,0.26
1.13,0.95,200,541.82,7.42,-54.0,0.26
1.17,1.0,200,541.18,7.41,-54.0,0.27
1.11,0.92,250,540.29,7.41,-59.47,0.25
1.09,0.96,150,539.07,7.4,-54.0,0.25
1.19,0.83,150,538.69,7.4,-54.0,0.26
1.1,0.91,200,537.44,7.39,-59.64,0.25
1.12,0.96,150,537.18,7.39,-54.0,0.26
1.16,1.0,200,536.98,7.38,-54.0,0.26
1.16,0.96,250,536.79,7.38,-54.0,0.26
1.19,0.86,150,536.47,7.38,-54.0,0.26
1.18,0.85,150,536.07,7.38,-54.0,0.26
1.13,0.96,150,535.94,7.38,-54.0,0.26
1.13,1.0,200,534.32,7.37,-54.0,0.26
1.14,0.92,150,534.3,7.37,-54.0,0.26
1.11,0.93,100,533.1,7.36,-63.54,0.26
1.12,0.97,250,533.01,7.36,-55.7,0.25
1.15,1.0,200,532.82,7.36,-54.0,0.26
1.11,0.92,200,531.65,7.35,-59.44,0.25
1.16,0.93,200,530.64,7.34,-54.0,0.25
1.15,0.93,200,530.14,7.34,-54.0,0.25
1.13,0.94,250,529.87,7.34,-61.14,0.25
1.1,0.93,100,529.8,7.34,-66.68,0.25
1.16,0.95,250,529.73,7.34,-54.0,0.25
1.14,0.91,150,529.37,7.33,-54.0,0.25
1.14,1.0,200,529.29,7.33,-54.0,0.26
1.14,0.96,250,527.23,7.32,-56.27,0.25
1.14,0.93,200,526.98,7.32,-54.0,0.25
1.12,0.92,200,525.79,7.31,-58.67,0.25
1.11,0.96,150,524.88,7.3,-54.0,0.25
1.12,0.95,150,524.34,7.3,-54.0,0.26
1.13,0.95,150,523.67,7.3,-54.0,0.26
1.11,0.98,200,522.66,7.29,-54.0,0.25
1.19,0.85,150,522.61,7.29,-54.0,0.26
1.12,0.93,250,520.65,7.28,-61.14,0.25
1.17,0.99,200,519.38,7.27,-54.0,0.26
1.13,0.93,150,518.72,7.26,-54.0,0.25
1.16,0.92,200,518.35,7.26,-54.0,0.25
1.15,0.92,200,517.89,7.26,-54.0,0.25
1.12,0.89,100,517.53,7.26,-61.0,0.25
1.14,0.95,250,516.28,7.25,-56.27,0.25
1.15,0.97,150,515.9,7.25,-54.0,0.26
1.16,0.99,200,515.74,7.24,-54.0,0.26
1.11,0.92,100,515.66,7.24,-64.43,0.25
1.14,0.97,150,514.86,7.24,-54.0,0.26
1.12,0.99,250,514.85,7.24,-54.0,0.25
1.1,0.96,150,514.47,7.24,-54.0,0.25
1.17,0.94,200,514.33,7.23,-54.0,0.25
1.14,0.92,200,513.61,7.23,-54.0,0.25
1.13,1.0,250,513.24,7.23,-54.0,0.25
1.17,0.98,200,512.98,7.23,-54.0,0.25
1.18,1.0,200,511.99,7.22,-54.0,0.26
1.12,0.92,250,511.94,7.22,-61.47,0.24
1.15,0.99,200,511.67,7.22,-54.0,0.25
1.11,0.95,150,511.32,7.21,-54.0,0.25
1.14,0.94,150,510.56,7.21,-54.0,0.25
1.11,0.9,200,510.32,7.21,-55.96,0.24
1.17,0.97,200,509.91,7.2,-54.0,0.25
1.17,1.0,250,509.83,7.2,-54.0,0.25
1.1,0.92,100,509.5,7.2,-67.8,0.25
1.17,0.96,250,508.79,7.2,-54.0,0.25
1.16,0.98,200,508.6,7.2,-54.0,0.25
1.13,0.99,200,508.54,7.2,-54.0,0.25
1.16,0.94,250,508.36,7.19,-54.0,0.25
1.12,0.9,200,507.97,7.19,-55.12,0.24
1.14,0.99,200,507.84,7.19,-54.0,0.25
1.11,0.95,200,507.36,7.19,-54.0,0.24
1.11,0.98,250,506.94,7.18,-54.0,0.24
1.15,0.96,250,506.68,7.18,-54.0,0.25
1.14,0.9,150,506.5,7.18,-54.0,0.24
1.09,0.98,150,505.94,7.18,-54.0,0.25
1.16,1.0,250,505.82,7.18,-54.0,0.25
1.16,0.9,200,505.71,7.18,-54.0,0.24
1.15,0.9,200,505.3,7.17,-54.0,0.24
1.15,0.98,200,504.84,7.17,-54.0,0.25
1.12,0.91,100,504.09,7.17,-60.85,0.25
1.17,0.95,250,503.89,7.16,-54.0,0.25
1.14,0.81,100,503.65,7.16,-54.0,0.25
1.14,0.82,100,503.65,7.16,-54.0,0.25
1.15,0.72,100,503.15,7.16,-54.0,0.25
1.15,0.79,100,503.15,7.16,-54.0,0.25
1.15,0.7,100,503.15,7.16,-54.0,0.25
1.15,0.73,100,503.15,7.16,-54.0,0.25
1.15,0.71,100,503.15,7.16,-54.0,0.25
1.15,0.78,100,503.15,7.16,-54.0,0.25
1.15,0.82,100,503.15,7.16,-54.0,0.25
1.15,0.81,100,503.15,7.16,-54.0,0.25
1.15,0.75,100,503.15,7.16,-54.0,0.25
1.15,0.77,100,503.15,7.16,-54.0,0.25
1.15,0.74,100,503.15,7.16,-54.0,0.25
1.15,0.76,100,503.15,7.16,-54.0,0.25
1.15,0.8,100,503.15,7.16,-54.0,0.25
1.19,0.84,150,502.52,7.15,-54.0,0.25
1.16,0.95,200,502.5,7.15,-54.0,0.25
1.18,0.84,150,502.24,7.15,-54.0,0.25
1.02,0.97,100,502.18,7.15,-71.29,0.24
1.13,0.97,250,502.15,7.15,-55.7,0.24
1.01,0.98,100,502.02,7.15,-68.69,0.24
1.14,0.9,200,501.46,7.15,-54.0,0.24
1.16,0.97,200,501.46,7.15,-54.0,0.25
1.15,0.96,150,501.23,7.15,-54.0,0.25
1.14,0.8,100,501.22,7.15,-54.0,0.25
1.11,0.91,200,500.94,7.14,-59.92,0.24
1.06,0.96,100,500.67,7.14,-68.44,0.24
1.17,0.93,200,500.54,7.14,-54.0,0.25
1.14,0.98,200,500.13,7.14,-54.0,0.25
1.09,0.99,150,499.93,7.14,-54.0,0.25
1.15,0.95,250,499.87,7.14,-54.0,0.24
1.14,0.96,150,499.06,7.13,-54.0,0.25
1.12,0.91,200,498.96,7.13,-59.15,0.24
1.09,0.95,150,498.26,7.13,-54.0,0.24
1.15,0.97,200,497.9,7.12,-54.0,0.25
1.15,0.92,150,497.5,7.12,-54.01,0.25
1.13,0.98,200,496.92,7.12,-54.0,0.25
1.17,0.99,250,496.54,7.11,-54.0,0.25
1.12,1.0,200,496.36,7.11,-54.0,0.25
1.18,1.0,250,496.33,7.11,-54.0,0.25
1.14,0.78,100,496.32,7.11,-54.0,0.24
1.14,0.77,100,496.32,7.11,-54.0,0.24
1.14,0.79,100,496.32,7.11,-54.0,0.24
1.15,0.95,150,495.65,7.11,-54.0,0.25
1.15,0.95,200,495.33,7.1,-54.0,0.25
1.18,0.99,200,495.19,7.1,-54.0,0.25
1.13,0.89,100,495.17,7.1,-55.93,0.24
1.11,0.97,200,495.09,7.1,-54.0,0.24
1.17,0.96,200,494.45,7.1,-54.0,0.25
1.16,0.91,200,494.36,7.1,-54.0,0.24
1.15,0.91,150,494.24,7.1,-54.01,0.24
1.15,0.91,200,493.98,7.1,-54.0,0.24
1.19,1.0,250,493.53,7.09,-54.0,0.25
1.14,0.97,200,493.43,7.09,-54.0,0.25
1.18,0.94,200,493.31,7.09,-54.0,0.24
1.19,0.96,250,492.96,7.09,-54.0,0.24
1.19,1.0,200,492.78,7.09,-54.0,0.25
1.17,0.92,200,492.63,7.09,-54.0,0.24
1.13,0.93,250,492.3,7.08,-61.14,0.24
1.06,0.95,100,492.17,7.08,-69.12,0.24
1.16,0.99,250,492.14,7.08,-54.0,0.25
1.18,0.96,250,492.08,7.08,-54.0,0.24
1.13,1.0,150,491.4,7.08,-54.0,0.25
1.16,0.97,150,491.17,7.08,-54.0,0.25
1.14,0.94,250,491.1,7.08,-59.28,0.24
1.14,0.74,100,490.87,7.07,-55.04,0.24
1.14,0.73,100,490.87,7.07,-55.04,0.24
1.14,0.76,100,490.87,7.07,-55.04,0.24
1.14,0.75,100,490.87,7.07,-55.04,0.24
1.14,0.91,200,490.38,7.07,-54.0,0.24
1.14,0.72,100,489.86,7.07,-55.29,0.24
1.13,0.97,200,489.82,7.07,-54.0,0.24
1.18,0.98,200,489.81,7.07,-54.0,0.25
1.14,0.95,150,489.53,7.06,-54.0,0.25
1.15,1.0,250,489.05,7.06,-54.0,0.24
1.12,0.9,100,488.99,7.06,-60.85,0.24
1.16,0.97,250,488.96,7.06,-54.0,0.24
1.1,0.95,150,488.68,7.06,-54.0,0.24
1.19,0.95,250,488.62,7.06,-54.0,0.24
1.12,0.95,200,488.41,7.06,-54.0,0.24
1.16,0.77,100,488.23,7.06,-54.0,0.25
1.16,0.81,100,488.23,7.06,-54.0,0.25
1.16,0.72,100,488.23,7.06,-54.0,0.25
1.16,0.79,100,488.23,7.06,-54.0,0.25
1.16,0.75,100,488.23,7.06,-54.0,0.25
1.16,0.71,100,488.23,7.06,-54.0,0.25
1.16,0.82,100,488.23,7.06,-54.0,0.25
1.16,0.73,100,488.23,7.06,-54.0,0.25
1.16,0.8,100,488.23,7.06,-54.0,0.25
1.16,0.74,100,488.23,7.06,-54.0,0.25
1.16,0.7,100,488.23,7.06,-54.0,0.25
1.16,0.76,100,488.23,7.06,-54.0,0.25
1.16,0.78,100,488.23,7.06,-54.0,0.25
1.17,0.94,250,487.92,7.05,-54.0,0.24
1.18,0.95,250,487.77,7.05,-54.0,0.24
1.18,0.99,250,487.24,7.05,-54.0,0.25
1.18,0.97,200,487.24,7.05,-54.0,0.25
1.14,0.7,100,487.1,7.05,-55.95,0.24
1.14,0.71,100,486.81,7.05,-56.02,0.24
1.14,0.95,200,486.43,7.04,-54.0,0.24
1.16,0.96,200,486.35,7.04,-54.0,0.24
1.06,0.94,100,486.3,7.04,-69.41,0.24
1.14,0.93,150,485.71,7.04,-54.0,0.24
1.1,0.96,200,485.57,7.04,-54.0,0.24
1.13,0.92,250,485.25,7.03,-61.47,0.24
1.14,1.0,250,485.14,7.03,-54.0,0.24
1.13,0.99,150,484.85,7.03,-54.0,0.25
1.15,0.94,150,484.8,7.03,-54.0,0.24
1.08,1.0,150,484.72,7.03,-54.0,0.24
1.19,0.99,250,484.62,7.03,-54.0,0.24
1.07,0.96,100,484.41,7.03,-69.02,0.24
1.17,0.9,200,483.74,7.02,-54.0,0.24
1.13,0.91,100,482.97,7.02,-55.93,0.24
1.15,0.94,250,482.51,7.02,-54.0,0.24
1.17,0.98,250,481.53,7.01,-54.0,0.24
1.18,0.93,200,481.5,7.01,-54.0,0.24
1.0,0.99,100,480.79,7.0,-66.07,0.24
1.16,0.96,150,480.48,7.0,-54.0,0.25
1.13,0.99,250,480.48,7.0,-54.0,0.24
1.16,0.93,250,480.25,7.0,-54.0,0.24
1.12,1.0,150,480.19,7.0,-54.0,0.25
1.15,0.96,200,480.05,7.0,-54.0,0.24
1.19,0.94,200,479.69,7.0,-54.0,0.24
1.16,0.92,150,479.35,6.99,-54.0,0.25
1.15,0.9,150,479.26,6.99,-54.0,0.24
1.13,0.98,150,478.06,6.98,-54.0,0.25
1.16,0.95,150,477.81,6.98,-54.0,0.25
1.17,0.95,200,477.54,6.98,-54.0,0.24
1.16,0.92,250,477.42,6.98,-54.0,0.24
1.19,0.99,200,477.04,6.98,-54.0,0.25
1.16,0.98,250,476.63,6.97,-54.0,0.24
1.15,0.89,150,476.61,6.97,-54.0,0.24
1.16,0.91,150,476.53,6.97,-54.0,0.24
1.03,0.97,100,476.42,6.97,-71.49,0.24
1.11,1.0,150,475.99,6.97,-54.0,0.24
1.09,1.0,150,475.6,6.97,-54.0,0.24
1.12,0.98,250,474.94,6.96,-54.36,0.24
1.18,0.92,200,474.72,6.96,-54.0,0.24
1.12,0.99,200,474.58,6.96,-54.0,0.24
1.19,0.94,250,474.43,6.96,-54.0,0.24
1.18,0.96,200,474.38,6.96,-54.0,0.24
1.15,0.99,250,474.19,6.96,-54.0,0.24
1.19,0.98,250,474.07,6.96,-54.0,0.24
1.18,0.94,250,473.7,6.95,-54.0,0.24
1.12,0.99,150,473.44,6.95,-54.0,0.24
1.18,0.98,250,473.31,6.95,-54.0,0.24
1.19,0.98,200,473.17,6.95,-54.0,0.24
1.17,0.91,200,472.77,6.95,-54.0,0.24
1.14,0.96,200,472.7,6.95,-54.0,0.24
1.19,0.93,200,471.85,6.94,-54.0,0.24
1.16,0.94,150,471.57,6.94,-54.0,0.24
1.12,0.98,150,471.22,6.93,-54.0,0.24
1.19,0.97,200,470.84,6.93,-54.0,0.24
1.07,0.95,100,470.21,6.93,-69.68,0.23
1.13,0.9,100,470.19,6.93,-55.93,0.24
1.11,0.99,150,470.01,6.93,-54.0,0.24
1.18,0.9,200,469.65,6.92,-54.0,0.23
1.11,0.98,150,468.57,6.92,-54.0,0.24
1.07,0.94,100,468.56,6.92,-69.95,0.23
1.1,0.98,150,468.32,6.91,-54.0,0.24
1.17,0.97,250,467.82,6.91,-54.0,0.24
1.2,1.0,200,467.62,6.91,-54.0,0.25
1.12,0.93,100,467.29,6.91,-60.23,0.24
1.17,0.93,250,466.31,6.9,-54.0,0.23
1.18,0.76,100,466.11,6.9,-54.0,0.24
1.18,0.77,100,466.11,6.9,-54.0,0.24
1.18,0.72,100,466.11,6.9,-54.0,0.24
1.18,0.7,100,466.11,6.9,-54.0,0.24
1.17,0.77,100,466.11,6.9,-54.0,0.24
1.17,0.78,100,466.11,6.9,-54.0,0.24
1.17,0.79,100,466.11,6.9,-54.0,0.24
1.17,0.82,100,466.11,6.9,-54.0,0.24
1.17,0.8,100,466.11,6.9,-54.0,0.24
1.17,0.7,100,466.11,6.9,-54.0,0.24
1.18,0.82,100,466.11,6.9,-54.0,0.24
1.18,0.79,100,466.11,6.9,-54.0,0.24
1.18,0.81,100,466.11,6.9,-54.0,0.24
1.18,0.8,100,466.11,6.9,-54.0,0.24
1.17,0.72,100,466.11,6.9,-54.0,0.24
1.18,0.74,100,466.11,6.9,-54.0,0.24
1.17,0.74,100,466.11,6.9,-54.0,0.24
1.17,0.73,100,466.11,6.9,-54.0,0.24
1.18,0.71,100,466.11,6.9,-54.0,0.24
1.18,0.78,100,466.11,6.9,-54.0,0.24
1.18,0.73,100,466.11,6.9,-54.0,0.24
1.18,0.75,100,466.11,6.9,-54.0,0.24
1.17,0.71,100,466.11,6.9,-54.0,0.24
1.17,0.75,100,466.11,6.9,-54.0,0.24
1.17,0.76,100,466.11,6.9,-54.0,0.24
1.17,0.81,100,466.11,6.9,-54.0,0.24
1.19,0.92,200,465.64,6.89,-54.0,0.24
1.12,0.97,100,464.8,6.89,-59.83,0.24
1.15,1.0,150,464.79,6.89,-54.0,0.24
1.15,0.93,150,464.49,6.89,-54.0,0.24
1.17,0.92,250,464.43,6.89,-54.0,0.23
1.14,1.0,150,464.13,6.88,-54.0,0.24
1.13,0.93,100,463.33,6.88,-55.93,0.24
1.14,0.93,250,463.09,6.88,-59.28,0.23
1.1,0.99,150,462.88,6.87,-54.0,0.24
1.12,0.98,200,462.76,6.87,-54.0,0.23
1.1,1.0,150,462.7,6.87,-54.0,0.24
1.15,0.97,250,462.5,6.87,-54.0,0.23
1.11,0.97,100,462.38,6.87,-62.97,0.24
1.14,0.97,250,462.17,6.87,-54.27,0.23
1.18,0.95,200,461.73,6.87,-54.0,0.24
1.19,0.97,250,461.23,6.86,-54.0,0.24
1.18,0.97,250,460.59,6.86,-54.0,0.23
1.19,0.96,200,460.51,6.86,-54.0,0.24
1.15,0.99,150,460.33,6.86,-54.0,0.24
1.2,0.96,250,460.28,6.86,-54.0,0.23
1.14,0.99,250,460.17,6.85,-54.0,0.23
1.18,0.91,200,459.97,6.85,-54.0,0.23
1.09,0.94,100,459.81,6.85,-69.5,0.23
1.2,1.0,250,459.49,6.85,-54.0,0.24
1.12,0.92,100,459.17,6.85,-60.85,0.23
1.15,0.93,250,459.07,6.85,-54.0,0.23
1.14,0.99,150,459.03,6.85,-54.0,0.24
1.16,0.9,150,458.65,6.84,-54.0,0.24
1.14,0.92,250,458.21,6.84,-59.67,0.23
1.16,0.89,150,457.76,6.84,-54.0,0.24
1.13,0.92,100,457.74,6.84,-55.93,0.24
1.12,0.96,100,457.49,6.83,-59.82,0.24
1.2,0.95,250,457.09,6.83,-54.0,0.23
1.16,0.93,150,456.74,6.83,-54.0,0.24
1.2,0.99,200,456.46,6.83,-54.0,0.24
1.19,0.9,200,456.4,6.83,-54.0,0.23
1.17,0.97,150,456.07,6.82,-54.0,0.24
1.15,0.92,250,456.07,6.82,-54.0,0.23
1.2,0.75,150,456.04,6.82,-54.0,0.24
1.2,0.74,150,456.04,6.82,-54.0,0.24
1.2,0.73,150,456.04,6.82,-54.0,0.24
1.2,0.71,150,456.04,6.82,-54.0,0.24
1.2,0.7,150,456.04,6.82,-54.0,0.24
1.2,0.76,150,456.04,6.82,-54.0,0.24
1.2,0.77,150,456.04,6.82,-54.0,0.24
1.2,0.72,150,456.04,6.82,-54.0,0.24
1.19,0.93,250,455.24,6.82,-54.0,0.23
1.13,0.96,200,454.9,6.82,-54.0,0.23
1.2,0.98,200,454.82,6.81,-54.0,0.24
1.18,0.93,250,454.66,6.81,-54.0,0.23
1.09,0.97,100,454.38,6.81,-68.66,0.23
1.11,0.96,100,454.25,6.81,-62.96,0.23
1.08,0.94,100,454.23,6.81,-70.36,0.23
1.15,0.98,150,454.1,6.81,-54.0,0.24
1.2,0.97,200,454.0,6.81,-54.0,0.24
1.14,0.98,150,453.75,6.81,-54.0,0.24
1.19,0.92,250,453.57,6.81,-54.0,0.23
1.16,1.0,150,453.22,6.8,-54.0,0.24
1.2,0.99,250,453.0,6.8,-54.0,0.23
1.18,0.92,250,453.0,6.8,-54.0,0.23
1.11,0.94,100,452.95,6.8,-63.54,0.23
1.15,0.98,250,452.87,6.8,-54.0,0.23
1.19,0.91,200,452.8,6.8,-54.0,0.23
1.12,0.94,100,452.75,6.8,-60.23,0.23
1.04,0.97,100,452.55,6.8,-71.57,0.23
1.1,0.97,100,451.55,6.79,-65.97,0.23
1.12,0.95,100,451.3,6.79,-60.13,0.23
1.14,0.97,100,450.92,6.79,-54.0,0.24
1.02,0.98,100,450.41,6.78,-69.25,0.23
1.2,0.94,200,450.35,6.78,-54.0,0.24
1.19,0.95,200,450.3,6.78,-54.0,0.23
1.08,0.96,100,450.22,6.78,-69.45,0.23
1.16,0.99,150,450.06,6.78,-54.0,0.24
1.13,0.98,250,449.93,6.78,-54.36,0.23
1.11,0.96,200,449.69,6.78,-54.0,0.23
1.09,0.96,100,449.39,6.77,-68.64,0.23
1.13,0.97,100,449.09,6.77,-55.83,0.24
1.05,0.97,100,449.08,6.77,-69.9,0.23
1.17,0.96,150,448.9,6.77,-54.0,0.24
1.18,0.97,150,448.28,6.77,-54.0,0.24
1.13,0.94,100,448.0,6.76,-55.93,0.23
1.2,0.96,200,447.48,6.76,-54.0,0.24
1.17,0.95,150,447.44,6.76,-54.0,0.24
1.14,0.96,100,447.1,6.76,-54.0,0.24
1.01,0.99,100,446.77,6.75,-67.21,0.23
1.17,0.92,150,446.76,6.75,-54.0,0.24
1.2,0.94,250,446.6,6.75,-54.0,0.23
1.16,0.98,150,446.39,6.75,-54.0,0.24
1.1,0.94,100,446.35,6.75,-66.68,0.23
1.12,0.97,200,445.82,6.75,-54.0,0.23
1.11,0.95,100,445.59,6.75,-63.4,0.23
1.2,0.93,200,445.52,6.75,-54.0,0.23
1.2,0.98,250,445.48,6.75,-54.0,0.23
1.08,0.97,100,444.97,6.74,-69.47,0.23
1.17,0.91,150,444.75,6.74,-54.0,0.23
1.14,0.95,100,444.61,6.74,-54.0,0.24
1.17,0.94,150,444.35,6.74,-54.0,0.24
1.09,0.95,100,444.25,6.74,-69.31,0.23
1.08,0.95,100,444.18,6.74,-70.09,0.23
1.13,0.96,100,444.05,6.73,-55.81,0.24
1.17,1.0,150,443.83,6.73,-54.0,0.24
1.1,0.96,100,443.46,6.73,-65.95,0.23
1.17,0.99,150,442.55,6.72,-54.0,0.24
1.18,0.96,150,442.3,6.72,-54.0,0.24
1.18,0.95,150,441.63,6.72,-54.0,0.24
1.2,0.92,200,440.85,6.71,-54.0,0.23
1.07,0.97,100,440.74,6.71,-69.06,0.22
1.2,0.95,200,440.58,6.71,-54.0,0.23
1.15,0.97,100,440.32,6.71,-54.0,0.24
1.13,0.95,100,440.12,6.7,-55.81,0.23
1.18,0.94,150,439.73,6.7,-54.0,0.24
1.17,0.98,150,439.21,6.7,-54.0,0.24
1.15,0.96,100,438.31,6.69,-54.0,0.24
1.18,0.92,150,437.94,6.69,-54.0,0.23
1.14,0.91,100,437.35,6.68,-54.0,0.23
1.2,0.97,250,436.73,6.68,-54.0,0.23
1.14,0.94,100,436.72,6.68,-54.0,0.23
1.14,0.88,100,436.27,6.68,-54.0,0.23
1.14,0.89,100,436.27,6.68,-54.0,0.23
1.17,0.9,150,436.25,6.68,-54.0,0.23
1.18,1.0,150,436.21,6.67,-54.0,0.24
1.18,0.91,150,436.15,6.67,-54.0,0.23
1.17,0.93,150,436.14,6.67,-54.0,0.23
1.15,0.95,100,436.1,6.67,-54.0,0.24
1.14,0.98,250,435.93,6.67,-54.0,0.22
1.2,0.9,200,435.72,6.67,-54.0,0.23
1.16,0.97,100,435.61,6.67,-54.0,0.24
1.17,0.89,150,435.58,6.67,-54.0,0.23
1.1,0.95,100,435.53,6.67,-66.51,0.22
1.18,0.99,150,435.06,6.67,-54.0,0.24
1.14,0.93,100,434.89,6.66,-54.0,0.23
1.04,0.98,100,434.81,6.66,-68.25,0.22
1.02,0.99,100,434.54,6.66,-67.64,0.22
1.06,0.97,100,434.2,6.66,-69.45,0.22
1.19,0.97,150,434.06,6.66,-54.0,0.24
1.16,0.96,100,433.92,6.66,-54.0,0.24
1.03,0.98,100,433.9,6.66,-69.0,0.22
1.14,0.87,100,433.65,6.66,-54.0,0.23
1.2,0.93,250,433.46,6.65,-54.0,0.22
1.2,0.91,200,433.41,6.65,-54.0,0.23
1.14,0.9,100,432.83,6.65,-54.0,0.23
1.18,0.98,150,432.66,6.65,-54.0,0.23
1.18,0.93,150,432.59,6.65,-54.0,0.23
1.12,0.99,100,432.37,6.65,-58.89,0.23
1.2,0.92,250,432.2,6.64,-54.0,0.22
1.16,0.95,100,432.06,6.64,-54.0,0.23
1.11,0.99,100,431.93,6.64,-61.63,0.23
1.14,0.92,100,431.75,6.64,-54.0,0.23
1.15,0.94,100,431.49,6.64,-54.0,0.23
1.15,0.93,100,431.49,6.64,-54.0,0.23
1.05,0.98,100,431.06,6.64,-66.73,0.22
1.03,0.99,100,431.04,6.63,-66.71,0.22
1.19,1.0,150,430.27,6.63,-54.0,0.23
1.19,0.92,150,429.81,6.63,-54.0,0.23
1.19,0.99,150,429.78,6.63,-54.0,0.23
1.19,0.96,150,429.72,6.62,-54.0,0.23
1.19,0.95,150,429.38,6.62,-54.0,0.23
1.09,0.99,100,429.2,6.62,-66.63,0.22
1.12,0.98,100,428.88,6.62,-59.13,0.23
1.04,0.99,100,428.87,6.62,-66.67,0.22
1.15,0.92,100,428.5,6.62,-54.0,0.23
1.15,0.91,100,428.5,6.62,-54.0,0.23
1.19,0.94,150,428.44,6.61,-54.0,0.23
1.19,0.91,150,428.41,6.61,-54.0,0.23
1.19,0.98,150,428.24,6.61,-54.0,0.23
1.16,0.94,100,428.19,6.61,-54.0,0.23
1.16,0.93,100,428.19,6.61,-54.0,0.23
1.11,0.98,100,428.08,6.61,-61.96,0.23
1.14,0.86,100,427.79,6.61,-54.0,0.23
1.17,0.97,100,427.15,6.6,-54.0,0.23
1.18,0.97,100,427.15,6.6,-54.0,0.23
1.15,0.9,100,426.94,6.6,-54.0,0.23
1.18,0.9,150,426.94,6.6,-54.0,0.23
1.18,0.89,150,426.67,6.6,-54.0,0.23
1.09,0.98,100,426.67,6.6,-67.14,0.22
1.18,0.96,100,425.9,6.6,-54.0,0.23
1.17,0.96,100,425.9,6.6,-54.0,0.23
1.1,0.99,100,425.72,6.59,-64.26,0.22
1.16,0.91,100,425.68,6.59,-54.0,0.23
1.16,0.92,100,425.68,6.59,-54.0,0.23
1.19,0.73,100,424.81,6.59,-54.0,0.23
1.19,0.76,100,424.81,6.59,-54.0,0.23
1.19,0.74,100,424.81,6.59,-54.0,0.23
1.19,0.82,100,424.81,6.59,-54.0,0.23
1.19,0.81,100,424.81,6.59,-54.0,0.23
1.19,0.79,100,424.81,6.59,-54.0,0.23
1.19,0.75,100,424.81,6.59,-54.0,0.23
1.19,0.72,100,424.81,6.59,-54.0,0.23
1.19,0.77,100,424.81,6.59,-54.0,0.23
1.19,0.78,100,424.81,6.59,-54.0,0.23
1.19,0.8,100,424.81,6.59,-54.0,0.23
1.19,0.71,100,424.81,6.59,-54.0,0.23
1.19,0.7,100,424.81,6.59,-54.0,0.23
1.18,0.95,100,424.53,6.58,-54.0,0.23
1.17,0.95,100,424.53,6.58,-54.0,0.23
1.19,0.93,150,424.41,6.58,-54.0,0.23
1.16,0.9,100,424.37,6.58,-54.0,0.23
1.05,0.99,100,424.23,6.58,-65.66,0.22
1.12,0.96,200,422.44,6.57,-54.0,0.22
1.1,0.98,100,422.36,6.57,-64.69,0.22
1.17,0.94,100,421.67,6.56,-54.0,0.23
1.18,0.93,100,421.67,6.56,-54.0,0.23
1.18,0.94,100,421.67,6.56,-54.0,0.23
1.17,0.93,100,421.67,6.56,-54.0,0.23
1.14,0.99,100,421.67,6.56,-54.0,0.23
1.2,0.99,150,421.63,6.56,-54.0,0.23
1.2,1.0,150,421.63,6.56,-54.0,0.23
1.19,0.89,150,421.53,6.56,-54.0,0.23
1.19,0.9,150,421.53,6.56,-54.0,0.23
1.11,1.0,100,421.36,6.56,-61.24,0.22
1.15,0.89,100,421.36,6.56,-54.0,0.23
1.15,0.88,100,421.36,6.56,-54.0,0.23
1.13,0.99,100,421.0,6.56,-55.46,0.23
1.08,0.98,100,420.88,6.56,-67.83,0.22
1.14,0.98,100,420.67,6.55,-54.0,0.23
1.2,0.98,150,420.53,6.55,-54.0,0.23
1.08,0.99,100,420.43,6.55,-67.22,0.22
1.12,1.0,100,420.33,6.55,-58.62,0.22
1.09,1.0,100,420.22,6.55,-66.04,0.22
1.17,0.91,100,419.81,6.55,-54.0,0.23
1.17,0.92,100,419.81,6.55,-54.0,0.23
1.18,0.91,100,419.81,6.55,-54.0,0.23
1.18,0.92,100,419.81,6.55,-54.0,0.23
1.16,0.89,100,419.69,6.55,-54.0,0.23
1.16,0.88,100,419.69,6.55,-54.0,0.23
1.2,0.97,150,419.33,6.54,-54.0,0.23
1.13,0.98,100,419.3,6.54,-55.56,0.23
1.15,0.87,100,419.2,6.54,-54.0,0.23
1.18,0.9,100,418.84,6.54,-54.0,0.23
1.17,0.9,100,418.84,6.54,-54.0,0.23
1.16,0.87,100,417.88,6.53,-54.0,0.23
1.1,1.0,100,417.05,6.53,-63.76,0.22
1.2,0.94,150,416.81,6.52,-54.0,0.23
1.2,0.96,150,416.81,6.52,-54.0,0.23
1.2,0.95,150,416.81,6.52,-54.0,0.23
1.07,0.98,100,416.77,6.52,-67.36,0.22
1.15,0.86,100,416.52,6.52,-54.0,0.23
1.16,0.86,100,415.63,6.51,-54.0,0.23
1.18,0.88,100,415.38,6.51,-54.0,0.23
1.18,0.89,100,415.38,6.51,-54.0,0.23
1.17,0.88,100,415.38,6.51,-54.0,0.23
1.17,0.89,100,415.38,6.51,-54.0,0.23
1.2,0.92,150,415.18,6.51,-54.0,0.23
1.2,0.93,150,415.18,6.51,-54.0,0.23
1.07,0.99,100,415.04,6.51,-66.74,0.22
1.01,1.0,100,414.88,6.51,-64.85,0.22
1.2,0.91,150,414.33,6.5,-54.0,0.23
1.18,0.87,100,414.04,6.5,-54.0,0.23
1.17,0.87,100,414.04,6.5,-54.0,0.23
1.06,0.98,100,413.57,6.5,-66.73,0.22
1.15,0.98,100,413.37,6.5,-54.0,0.23
1.15,0.99,100,413.37,6.5,-54.0,0.23
1.16,0.98,100,413.0,6.49,-54.0,0.23
1.16,0.99,100,413.0,6.49,-54.0,0.23
1.17,0.86,100,412.37,6.49,-54.0,0.22
1.18,0.86,100,412.37,6.49,-54.0,0.22
1.05,1.0,100,412.25,6.49,-65.03,0.21
1.19,0.97,100,411.95,6.48,-54.0,0.23
1.19,0.96,100,411.54,6.48,-54.0,0.23
1.2,0.9,150,411.29,6.48,-54.0,0.22
1.2,0.89,150,411.29,6.48,-54.0,0.22
1.2,0.88,150,411.29,6.48,-54.0,0.22
1.19,0.95,100,411.08,6.48,-54.0,0.23
1.13,1.0,100,411.0,6.48,-55.15,0.22
1.14,1.0,100,410.66,6.47,-54.0,0.22
1.18,0.98,100,410.43,6.47,-54.0,0.22
1.17,0.99,100,410.43,6.47,-54.0,0.22
1.17,0.98,100,410.43,6.47,-54.0,0.22
1.18,0.99,100,410.43,6.47,-54.0,0.22
1.08,1.0,100,410.38,6.47,-66.64,0.22
1.19,0.93,100,410.14,6.47,-54.0,0.23
1.19,0.94,100,410.14,6.47,-54.0,0.23
1.2,0.87,150,410.12,6.47,-54.0,0.22
1.06,0.99,100,410.04,6.47,-66.08,0.21
1.19,0.92,100,409.53,6.47,-54.0,0.22
1.19,0.91,100,409.53,6.47,-54.0,0.22
1.19,0.9,100,409.21,6.46,-54.0,0.22
1.2,0.86,150,408.65,6.46,-54.0,0.22
1.14,0.85,100,408.51,6.46,-54.0,0.22
1.14,0.84,100,408.51,6.46,-54.0,0.22
1.16,0.85,100,408.27,6.46,-54.0,0.22
1.16,0.84,100,408.27,6.46,-54.0,0.22
1.02,1.0,100,408.08,6.45,-64.85,0.21
1.19,0.88,100,408.07,6.45,-54.0,0.22
1.19,0.89,100,408.07,6.45,-54.0,0.22
1.15,0.84,100,407.74,6.45,-54.0,0.22
1.15,0.85,100,407.74,6.45,-54.0,0.22
1.19,0.87,100,407.62,6.45,-54.0,0.22
1.04,1.0,100,407.54,6.45,-65.17,0.21
1.19,0.86,100,407.07,6.45,-54.0,0.22
1.17,0.84,100,406.93,6.44,-54.0,0.22
1.18,0.84,100,406.93,6.44,-54.0,0.22
1.17,0.85,100,406.93,6.44,-54.0,0.22
1.18,0.85,100,406.93,6.44,-54.0,0.22
1.16,0.83,100,406.75,6.44,-54.0,0.22
1.14,0.83,100,406.67,6.44,-54.0,0.21
1.19,0.99,100,406.43,6.44,-54.0,0.22
1.19,0.98,100,406.43,6.44,-54.0,0.22
1.2,0.85,150,406.17,6.44,-54.0,0.22
1.15,0.83,100,405.93,6.44,-54.0,0.22
1.18,0.83,100,405.8,6.44,-54.0,0.22
1.17,0.83,100,405.8,6.44,-54.0,0.22
1.07,1.0,100,405.41,6.43,-66.14,0.21
1.19,0.85,100,405.28,6.43,-54.0,0.22
1.19,0.84,100,405.28,6.43,-54.0,0.22
1.16,1.0,100,405.13,6.43,-54.0,0.22
1.19,0.83,100,404.91,6.43,-54.0,0.22
1.18,1.0,100,404.6,6.43,-54.0,0.22
1.17,1.0,100,404.6,6.43,-54.0,0.22
1.19,1.0,100,404.51,6.42,-54.0,0.22
1.2,0.94,100,404.41,6.42,-54.0,0.22
1.2,0.86,100,404.41,6.42,-54.0,0.22
1.2,0.85,100,404.41,6.42,-54.0,0.22
1.2,0.83,100,404.41,6.42,-54.0,0.22
1.2,0.84,100,404.41,6.42,-54.0,0.22
1.2,0.82,100,404.41,6.42,-54.0,0.22
1.2,0.9,100,404.41,6.42,-54.0,0.22
1.2,0.93,100,404.41,6.42,-54.0,0.22
1.2,0.96,100,404.41,6.42,-54.0,0.22
1.2,0.98,100,404.41,6.42,-54.0,0.22
1.2,0.95,100,404.41,6.42,-54.0,0.22
1.2,0.7,100,404.41,6.42,-54.0,0.22
1.2,0.71,100,404.41,6.42,-54.0,0.22
1.2,0.74,100,404.41,6.42,-54.0,0.22
1.2,0.75,100,404.41,6.42,-54.0,0.22
1.2,0.73,100,404.41,6.42,-54.0,0.22
1.2,0.87,100,404.41,6.42,-54.0,0.22
1.2,0.91,100,404.41,6.42,-54.0,0.22
1.2,0.92,100,404.41,6.42,-54.0,0.22
1.2,0.77,100,404.41,6.42,-54.0,0.22
1.2,0.72,100,404.41,6.42,-54.0,0.22
1.2,0.79,100,404.41,6.42,-54.0,0.22
1.2,0.78,100,404.41,6.42,-54.0,0.22
1.2,0.89,100,404.41,6.42,-54.0,0.22
1.2,0.76,100,404.41,6.42,-54.0,0.22
1.2,0.81,100,404.41,6.42,-54.0,0.22
1.2,0.88,100,404.41,6.42,-54.0,0.22
1.2,0.99,100,404.41,6.42,-54.0,0.22
1.2,1.0,100,404.41,6.42,-54.0,0.22
1.2,0.8,100,404.41,6.42,-54.0,0.22
1.2,0.97,100,404.41,6.42,-54.0,0.22
1.03,1.0,100,404.37,6.42,-65.78,0.21
1.15,1.0,100,403.98,6.42,-54.0,0.22
1.2,0.83,150,403.86,6.42,-54.0,0.22
1.2,0.82,150,403.86,6.42,-54.0,0.22
1.2,0.84,150,403.86,6.42,-54.0,0.22
1.2,0.81,150,402.87,6.41,-54.0,0.22
1.2,0.8,150,401.88,6.4,-54.0,0.22
1.06,1.0,100,400.41,6.39,-65.46,0.21
1.2,0.79,150,399.69,6.39,-54.0,0.22
1.2,0.78,150,399.0,6.38,-54.0,0.22
